,TC,IMPORTE,TOTAL MX,TOTAL SAT
0,1.0,0.0,2248.28,16300.0
1,1.0,490.0,568.4,568.4
2,1.0,195.0,226.2,226.2
3,1.0,10694.25,12405.33,12405.33
4,1.0,0.0,0.0,0.0
5,1.0,0.0,0.0,0.0
6,1.0,2398.0,2723.5,3027.0
7,1.0,8620.69,10000.0,10000.0
8,1.0,0.01,0.01,0.0
9,1.0,0.0,0.0,0.0
10,1.0,4371.72,5071.2,5071.2
11,1.0,159.48,185.0,185.0
12,1.0,480.0,556.8,556.8
13,1.0,2500.0,2900.0,2900.0
14,1.0,88.44,102.59,102.59
15,1.0,5344.76,6199.92,6199.92
16,1.0,5152.17,5976.52,5976.52
17,1.0,0.0,0.0,1771.95
18,1.0,0.0,0.0,538.0
19,1.0,0.0,0.0,660.4
20,1.0,674.62,798.99,798.99
21,1.0,752.43,899.0,899.0
22,1.0,674.62,798.99,798.99
23,1.0,674.62,798.99,798.99
24,1.0,2750.0,3146.0,2871.0
25,1.0,256.0,296.96,296.96
26,1.0,282.0,327.12,327.12
27,1.0,11913.67,12390.22,12390.22
28,1.0,500.0,580.0,580.0
29,1.0,0.0,0.0,0.0
30,1.0,0.0,0.0,0.0
31,1.0,4200.0,4872.0,4872.0
32,1.0,0.0,0.0,0.0
33,1.0,0.0,0.0,0.0
34,1.0,0.01,0.01,0.0
35,1.0,105.0,105.0,105.0
36,1.0,350.0,406.0,406.0
37,1.0,177.78,206.22,206.22
38,1.0,51.7,59.97,59.97
39,1.0,3900.0,4461.6,4071.6
40,1.0,600.0,696.0,696.0
41,1.0,516.6,599.26,599.26
42,1.0,8260.0,9581.6,9581.6
43,1.0,149.22,173.1,173.1
44,1.0,198.0,236.57,236.57
45,1.0,1400.0,1624.0,1624.0
46,1.0,3025.75,3509.87,3509.87
47,1.0,9614.0,11152.24,11152.24
48,1.0,360.0,417.6,417.6
49,1.0,1139.12,1321.38,1321.38
50,1.0,1124.95,1300.39,1300.39
51,1.0,9900.0,11484.0,11484.0
52,1.0,2000.0,2320.0,2320.0
53,1.0,1687.0,1956.92,1956.92
54,1.0,8620.69,10000.0,10000.0
55,1.0,0.0,0.0,0.0
56,1.0,202.2,234.55,234.55
57,1.0,85.34,99.0,99.0
58,1.0,96.83,112.33,112.33
59,1.0,0.0,0.0,0.0
60,1.0,0.0,0.0,0.0
61,1.0,2398.0,2723.5,3027.0
62,1.0,4286.71,4972.58,4972.58
63,1.0,2050.95,2379.11,2379.11
64,1.0,1876.0,2176.16,2176.16
65,1.0,1876.0,2176.16,2176.16
66,1.0,900.0,1044.0,1044.0
67,1.0,0.0,0.0,0.0
68,1.0,105.0,105.0,105.0
69,1.0,351.0,407.16,407.16
70,1.0,12250.0,14210.0,14210.0
71,1.0,837.95,972.02,972.02
72,1.0,313.26,363.38,363.38
73,1.0,2775.0,3219.0,3219.0
74,1.0,855.0,991.8,991.8
75,1.0,326.25,378.45,378.45
76,1.0,1955.0,2267.8,2267.8
77,1.0,720.74,833.13,833.13
78,1.0,0.0,0.0,1069.5
79,1.0,0.0,0.0,0.0
80,1.0,950.0,1086.8,991.8
81,1.0,0.0,0.0,0.0
82,1.0,2524.0,2927.84,2927.84
83,1.0,85.78,99.5,99.5
84,1.0,0.0,0.0,0.0
85,1.0,9576.0,11108.16,11108.16
86,1.0,2779.5,3224.22,3224.22
87,1.0,0.0,0.0,0.0
88,1.0,0.0,0.0,0.0
89,1.0,0.0,0.0,0.0
90,1.0,0.0,0.0,0.0
91,1.0,106.05,123.02,123.02
92,1.0,3600.0,4176.0,4176.0
93,1.0,4000.0,4640.0,4640.0
94,1.0,1050.0,1218.0,1218.0
95,1.0,153.6,178.18,178.18
96,1.0,0.0,0.0,0.0
97,1.0,95.12,107.31,107.31
98,1.0,303.0,351.48,351.48
99,1.0,0.0,0.0,979.75
100,1.0,0.0,0.0,358.0
101,1.0,0.0,0.0,3789.05
102,1.0,0.0,0.0,-669.0
103,1.0,3001.65,3446.33,3446.33
104,1.0,8300.0,8348.0,8348.0
105,1.0,2398.0,2723.5,3027.0
106,1.0,0.0,0.0,236.5
107,1.0,83.84,97.26,97.26
108,1.0,450.0,522.0,522.0
109,1.0,266.4,309.02,309.02
110,1.0,2572.5,2984.1,2984.1
111,1.0,813.31,943.44,943.44
112,1.0,73.09,84.79,84.79
113,1.0,0.0,0.0,0.0
114,1.0,495.0,574.2,574.2
115,1.0,-600.0,-696.0,-696.0
116,1.0,0.0,0.0,0.0
117,1.0,1390.0,1390.0,1390.0
118,1.0,2398.0,2723.5,3027.0
119,1.0,21551.72,25000.0,25000.0
120,1.0,2300.0,2668.0,2668.0
121,1.0,228.23,264.75,264.75
122,1.0,0.0,0.0,0.0
123,1.0,2398.0,2723.5,3027.0
124,1.0,10900.0,12208.0,12208.0
125,1.0,0.0,0.0,0.0
126,1.0,0.0,0.0,0.0
127,1.0,289.76,336.12,336.12
128,1.0,1764.0,2046.24,2046.24
129,1.0,5329.32,6182.01,6182.01
130,1.0,336.9,398.99,398.99
131,1.0,267.23,319.29,319.29
132,1.0,140.0,140.0,140.0
133,1.0,0.0,0.0,0.0
134,1.0,0.0,0.0,0.0
135,1.0,0.0,0.0,0.0
136,1.0,8650.0,9895.6,9030.6
137,1.0,2398.0,2723.5,3027.0
138,1.0,1204.17,1396.84,1396.84
139,1.0,250.0,250.0,250.0
140,1.0,0.0,0.0,0.0
141,1.0,1124.82,1300.23,1300.23
142,1.0,778.61,900.03,900.03
143,1.0,1223.2,1418.91,1418.91
144,1.0,10300.0,10348.0,10348.0
145,1.0,1320.0,1531.2,1531.2
146,1.0,0.0,0.0,0.0
147,1.0,7500.0,8700.0,8700.0
148,1.0,3100.0,3596.0,3596.0
149,1.0,0.0,0.0,0.0
150,1.0,0.0,0.0,0.0
151,1.0,0.0,0.0,0.0
152,1.0,0.0,0.0,0.0
153,1.0,0.0,0.0,0.0
154,1.0,314.66,365.0,365.0
155,1.0,0.0,0.0,0.0
156,1.0,344.84,400.0,400.0
157,1.0,730.28,847.12,876.33
158,1.0,12143.76,12143.76,12143.76
159,1.0,0.0,0.0,0.0
160,1.0,0.0,0.0,0.0
161,1.0,0.0,0.0,539.0
162,1.0,144.83,168.0,168.0
163,1.0,519.11,600.0,600.0
164,1.0,432.6,500.0,500.0
165,1.0,86.56,100.0,100.0
166,1.0,86.56,100.0,100.0
167,1.0,239.4,277.7,277.7
168,1.0,3268.0,3790.88,3790.88
169,1.0,3648.0,4231.68,4231.68
170,1.0,2624.56,3044.49,3044.49
171,1.0,16226.23,16226.23,16226.23
172,1.0,1855.0,2151.8,2151.8
173,1.0,6160.0,7145.6,7145.6
174,1.0,2550.0,2958.0,2958.0
175,1.0,160.0,185.6,185.6
176,1.0,684.0,793.44,793.44
177,1.0,684.0,793.44,793.44
178,1.0,7619.7,8838.85,8838.85
179,1.0,2398.0,2723.5,3027.0
180,1.0,97.27,112.83,112.83
181,1.0,27.74,32.18,32.18
182,1.0,1960.12,2273.74,2273.74
183,1.0,0.0,0.0,0.0
184,1.0,0.0,0.0,0.0
185,1.0,1947.0,2258.52,2258.52
186,1.0,2398.0,2723.5,3027.0
187,1.0,6286.5,7292.34,7292.34
188,1.0,24766.45,2723.5,28729.08
189,1.0,1474.5,1710.42,1710.42
190,1.0,1722.08,1997.61,1997.61
191,1.0,5747.71,6667.34,6667.34
192,1.0,18971.84,22007.33,22007.33
193,1.0,4900.0,5684.0,5684.0
194,1.0,2041.09,2335.63,2335.63
195,1.0,75.85,87.99,87.99
196,1.0,0.0,0.0,0.0
197,1.0,0.0,0.0,0.0
198,1.0,0.0,0.0,0.0
199,1.0,0.0,0.0,0.0
200,1.0,15385.6,17847.3,17847.3
201,1.0,456.0,528.96,528.96
202,1.0,0.0,0.0,2688.67
203,1.0,0.0,0.0,0.0
204,1.0,18965.52,22000.0,22000.0
205,1.0,9482.76,11000.0,11000.0
206,1.0,140.0,140.0,140.0
207,1.0,843.0,843.0,843.0
208,1.0,269.0,269.0,269.0
209,1.0,46.7,54.17,54.17
210,1.0,3416.04,3962.61,3962.61
211,1.0,173.02,200.0,200.0
212,1.0,161.0,186.76,186.76
213,1.0,5157.0,5982.12,5982.12
214,1.0,125.0,125.0,0.0
215,1.0,2250.0,2610.0,2610.0
216,1.0,0.0,0.0,0.0
217,1.0,336.9,398.99,398.99
218,1.0,125.0,125.0,0.0
219,1.0,0.0,0.0,2583.75
220,1.0,1331.1,1544.08,1597.32
221,1.0,906.52,1067.99,1067.99
222,1.0,1932.69,2289.01,2289.01
223,1.0,375.0,435.0,435.0
224,1.0,2398.0,2723.5,3027.0
225,1.0,0.0,0.0,0.0
226,1.0,0.0,0.0,0.0
227,1.0,86.12,99.9,99.9
228,1.0,0.0,0.0,0.0
229,1.0,632.6,733.82,733.82
230,1.0,2268.0,2630.88,2630.88
231,1.0,0.0,0.0,115.0
232,1.0,1020.0,1183.2,1183.2
233,1.0,794.17,794.17,794.17
234,1.0,1117.38,1117.38,1117.38
235,1.0,2084.0,2084.0,2084.0
236,1.0,0.0,0.0,0.0
237,1.0,855.0,991.8,991.8
238,1.0,459.18,532.64,532.64
239,1.0,3100.0,3596.0,3596.0
240,1.0,18.97,22.0,22.0
241,1.0,18.97,22.0,22.0
242,1.0,143.06,165.95,165.95
243,1.0,263.22,305.34,305.34
244,1.0,0.0,0.0,0.0
245,1.0,3060.0,3549.6,3549.6
246,1.0,0.0,0.0,857.3
247,1.0,279.32,324.0,324.0
248,1.0,0.0,0.0,0.0
249,1.0,960.0,1113.6,1113.6
250,1.0,45.43,52.7,52.7
251,1.0,1300.0,1508.0,1508.0
252,1.0,25.0,29.0,29.0
253,1.0,86.51,100.0,100.0
254,1.0,0.0,0.0,0.0
255,1.0,426.0,494.16,494.16
256,1.0,847.82,980.05,980.05
257,1.0,83.2,96.51,96.51
258,1.0,2039.2,2365.47,2365.47
259,1.0,1294.0,1501.04,1501.04
260,1.0,0.0,0.0,0.0
261,1.0,15000.0,17400.0,17400.0
262,1.0,105.0,105.0,105.0
263,1.0,1745.1,2024.32,2024.32
264,1.0,2326.8,2699.09,2699.09
265,1.0,172.41,200.0,200.0
266,1.0,3485.37,3981.45,3981.45
267,1.0,3428.69,3950.85,3950.85
268,1.0,167.24,194.0,194.0
269,1.0,1792.62,2057.54,2057.54
270,1.0,0.0,0.0,0.0
271,1.0,0.0,0.0,0.0
272,1.0,0.0,0.0,0.0
273,1.0,0.0,0.0,0.0
274,1.0,0.0,0.0,0.0
275,1.0,108.51,125.87,125.87
276,1.0,1600.0,1856.0,1856.0
277,1.0,4129.65,4151.99,4151.99
278,1.0,476.14,542.2,478.99
279,1.0,0.0,0.0,0.0
280,1.0,1676.25,1944.45,1944.45
281,1.0,698.5,810.26,810.26
282,1.0,0.0,0.0,0.0
283,1.0,883.2,1024.51,1024.51
284,1.0,243.4,282.34,282.34
285,1.0,1010.0,1139.28,937.28
286,1.0,440.88,511.42,511.42
287,1.0,1100.0,1276.0,1276.0
288,1.0,5970.12,6925.34,6925.34
289,1.0,0.0,0.0,1953.95
290,1.0,17164.63,19910.97,19910.97
291,1.0,862.07,1000.0,1000.0
292,1.0,0.0,0.0,0.0
293,1.0,105.0,121.8,121.8
294,1.0,0.0,0.0,0.0
295,1.0,5000.0,5800.0,5800.0
296,1.0,2095.13,2402.07,2402.07
297,1.0,153.68,178.27,178.27
298,1.0,7625.8,8685.79,7684.94
299,1.0,15339.42,17793.73,17793.73
300,1.0,28.4,32.94,32.94
301,1.0,0.0,0.0,0.0
302,1.0,0.0,0.0,0.0
303,1.0,1070.0,1241.2,1241.2
304,1.0,10300.0,10348.0,10348.0
305,1.0,0.0,0.0,3027.0
306,1.0,0.0,0.0,0.0
307,1.0,0.0,0.0,0.0
308,1.0,519.11,600.0,600.0
309,1.0,0.0,0.0,0.0
310,1.0,37.87,43.93,43.93
311,1.0,2457.0,2850.12,2850.12
312,1.0,865.21,1000.17,1000.17
313,1.0,207.0,240.12,240.12
314,1.0,112.5,130.5,130.5
315,1.0,0.0,0.0,0.0
316,1.0,0.0,0.0,0.0
317,1.0,0.01,0.01,0.0
318,1.0,105.0,105.0,105.0
319,1.0,2398.0,25461.67,25461.67
320,1.0,490.0,568.4,568.4
321,1.0,195.0,226.2,226.2
322,1.0,1011.41,1169.15,1169.15
323,1.0,24246.3,28125.71,28125.71
324,1.0,-1343.72,-1558.71,-1558.71
325,1.0,-214.99,-249.39,-249.39
326,1.0,5344.76,6199.92,6199.92
327,1.0,5152.17,5976.52,5976.52
328,1.0,3670.47,4257.75,4257.75
329,1.0,2932.5,3401.7,3401.7
330,1.0,131.89,152.99,152.99
331,1.0,4226.15,4902.33,4902.33
332,1.0,0.0,0.0,0.0
333,1.0,0.0,0.0,0.0
334,1.0,0.0,0.0,0.0
335,1.0,0.0,0.0,0.0
336,1.0,0.0,0.0,0.0
337,1.0,0.0,0.0,0.0
338,1.0,3401.94,3946.25,3946.25
339,1.0,744.89,860.96,860.96
340,1.0,2569.85,2981.03,2981.03
341,1.0,682.81,792.06,792.06
342,1.0,4200.0,4872.0,4872.0
343,1.0,2060.15,2389.77,2389.77
344,1.0,6985.0,8102.6,8102.6
345,1.0,585.0,678.6,678.6
346,1.0,1250.0,1450.0,1450.0
347,1.0,410.0,475.6,475.6
348,1.0,0.0,0.0,0.0
349,1.0,6459.0,7492.44,7492.44
350,1.0,1904.0,2208.64,2208.64
351,1.0,12931.03,15000.0,15000.0
352,1.0,0.0,0.0,0.0
353,1.0,0.01,0.01,0.0
354,1.0,410.0,475.6,475.6
355,1.0,1050.0,1218.0,1218.0
356,1.0,2398.0,2723.5,3027.0
357,1.0,3407.34,3952.51,3952.51
358,1.0,457.0,530.12,530.12
359,1.0,69.85,81.03,81.03
360,1.0,99.63,115.57,115.57
361,1.0,10694.25,12405.33,12405.33
362,1.0,681.03,790.0,790.0
363,1.0,672.41,780.0,780.0
364,1.0,1608.8,1866.21,1866.21
365,1.0,140.0,162.4,162.4
366,1.0,1794.0,2081.04,2081.04
367,1.0,1200.0,1392.0,1392.0
368,1.0,0.0,0.0,0.0
369,1.0,0.0,0.0,0.0
370,1.0,6069.14,6676.05,6676.05
371,1.0,1591.32,1845.93,1845.93
372,1.0,-2779.5,-3224.22,-3224.22
373,1.0,4740.0,5498.4,5498.4
374,1.0,150.0,174.0,174.0
375,1.0,4805.76,5574.68,5574.68
376,1.0,9200.0,10672.0,10672.0
377,1.0,153.84,178.46,178.46
378,1.0,194.0,225.04,225.04
379,1.0,15000.0,17400.0,17400.0
380,1.0,86.51,100.0,100.0
381,1.0,0.0,0.0,0.0
382,1.0,18.97,22.0,22.0
383,1.0,18.97,22.0,22.0
384,1.0,464.0,538.24,538.24
385,1.0,230.0,266.8,266.8
386,1.0,15080.7,17493.61,17493.61
387,1.0,2725.75,3161.87,3161.87
388,1.0,1139.12,1321.38,1321.38
389,1.0,418.3,485.24,485.24
390,1.0,1070.0,1241.2,1241.2
391,1.0,464.0,538.24,538.24
392,1.0,925.0,1073.0,1073.0
393,1.0,1295.4,1502.66,1502.66
394,1.0,3800.0,4408.0,4408.0
395,1.0,2753.6,3194.18,3194.18
396,1.0,86.52,100.0,100.0
397,1.0,761.86,883.76,883.76
398,1.0,3036.4,3522.22,3522.22
399,1.0,1200.0,1392.0,1392.0
400,1.0,7354.31,8499.0,8299.0
401,1.0,2058.0,2387.28,2387.28
402,1.0,124.07,134.0,134.0
403,1.0,70.0,70.0,70.0
404,1.0,2016.23,2320.48,2320.48
405,1.0,752.43,899.0,899.0
406,1.0,674.62,798.99,798.99
407,1.0,674.62,798.99,798.99
408,1.0,674.62,798.99,798.99
409,1.0,360.0,417.6,417.6
410,1.0,270.0,313.2,313.2
411,1.0,1955.0,2267.8,2267.8
412,1.0,991.02,1149.6,1149.6
413,1.0,1900.0,2204.0,2204.0
414,1.0,-58.97,-68.4,-68.4
415,1.0,-991.02,-1149.6,-1149.6
416,1.0,1034.4,1199.9,1199.9
417,1.0,405.0,469.8,469.8
418,1.0,0.0,0.0,2947.35
419,1.0,560.35,650.01,650.01
420,1.0,20584.76,23878.32,23878.32
421,1.0,0.0,0.0,0.0
422,1.0,145.0,168.2,168.2
423,1.0,9600.0,11136.0,11136.0
424,1.0,149.35,173.24,173.24
425,1.0,108.0,125.28,125.28
426,1.0,129.76,150.0,150.0
427,1.0,0.0,0.0,0.0
428,1.0,629.32,730.0,730.0
429,1.0,793.12,920.01,920.01
430,1.0,450.0,522.0,522.0
431,1.0,90.0,104.4,104.4
432,1.0,1707.81,1981.06,1981.06
433,1.0,130.0,150.8,150.8
434,1.0,0.0,0.0,0.0
435,1.0,2331.8,2704.89,2704.89
436,1.0,4000.0,3813.33,3813.33
437,1.0,114.0,132.24,132.24
438,1.0,2440.0,2830.4,2830.4
439,1.0,0.0,0.0,1800.85
440,1.0,0.0,0.0,0.0
441,1.0,0.0,0.0,0.0
442,1.0,2438.0,2828.08,2828.08
443,1.0,0.0,0.0,21581.39
444,1.0,0.01,0.01,0.0
445,1.0,70.0,70.0,70.0
446,1.0,0.0,0.0,480.1
447,1.0,66.67,72.0,72.0
448,1.0,113.76,131.97,131.97
449,1.0,432.53,500.0,500.0
450,1.0,1876.55,2176.79,2176.79
451,1.0,4073.25,4724.97,4724.97
452,1.0,250.0,250.0,250.0
453,1.0,38.28,44.41,44.41
454,1.0,379.24,384.89,384.89
455,1.0,4740.0,5498.4,5498.4
456,1.0,51.36,59.58,59.58
457,1.0,4000.0,4640.0,4640.0
458,1.0,1113.33,1286.81,1286.81
459,1.0,705.14,815.02,815.02
460,1.0,316.32,366.94,366.94
461,1.0,9720.0,11275.2,11275.2
462,1.0,198.0,236.57,236.57
463,1.0,684.75,794.31,794.31
464,1.0,445.0,516.2,516.2
465,1.0,7438.25,8182.07,8182.07
466,1.0,9456.0,10968.96,10968.96
467,1.0,17090.54,18799.6,18799.6
468,1.0,21551.72,25000.0,25000.0
469,1.0,753.62,874.2,874.2
470,1.0,1551.51,1725.28,1259.83
471,1.0,2940.0,3410.4,3410.4
472,1.0,0.0,0.0,0.0
473,1.0,15513.33,17064.66,17064.66
474,1.0,10477.5,12153.9,12153.9
475,1.0,-450.0,-522.0,-522.0
476,1.0,181.03,210.0,210.0
477,1.0,47.41,55.0,55.0
478,1.0,3182.5,3691.7,3691.7
479,1.0,230.16,267.0,267.0
480,1.0,86.52,100.0,100.0
481,1.0,19.38,22.48,22.48
482,1.0,65.47,75.95,75.95
483,1.0,3914.4,4540.7,243.6
484,1.0,18.97,22.0,22.0
485,1.0,3675.0,4263.0,4263.0
486,1.0,8300.0,8348.0,8348.0
487,1.0,70.0,70.0,70.0
488,1.0,0.0,0.0,0.0
489,1.0,0.0,0.0,0.0
490,1.0,262.32,313.42,313.42
491,1.0,336.9,398.99,398.99
492,1.0,0.0,0.0,0.0
493,1.0,86.52,100.0,100.0
494,1.0,0.0,0.0,2120.7
495,1.0,74.77,86.74,86.74
496,1.0,807.0,936.12,936.12
497,1.0,2750.0,3146.0,2871.0
498,1.0,3186.0,3695.76,3695.76
499,1.0,772.0,895.52,895.52
500,1.0,3222.08,3737.61,3737.61
501,1.0,5747.71,6322.48,6322.48
502,1.0,5970.12,6567.13,6567.13
503,1.0,5755.22,6330.75,6330.75
504,1.0,1669.0,1936.04,1936.04
505,1.0,18971.84,20869.02,20869.02
506,1.0,17164.63,18881.09,18881.09
507,1.0,16699.61,18369.57,18369.57
508,1.0,0.0,0.0,0.0
509,1.0,4214.0,4888.24,4888.24
510,1.0,543.2,630.11,630.11
511,1.0,5700.0,6612.0,6612.0
512,1.0,0.0,0.0,0.0
513,1.0,0.0,0.0,0.0
514,1.0,0.0,0.0,0.0
515,1.0,0.0,0.0,0.0
516,1.0,0.0,0.0,0.0
517,1.0,3969.0,4604.04,4604.04
518,1.0,6815.0,7905.4,7905.4
519,1.0,88.05,101.86,101.86
520,1.0,545.0,632.2,632.2
521,1.0,22.09,25.62,25.62
522,1.0,1900.0,2204.0,2204.0
523,1.0,299.39,346.09,346.09
524,1.0,2398.0,2723.5,3027.0
525,1.0,2398.0,2723.5,3027.0
526,1.0,2398.0,2723.5,3027.0
527,1.0,15385.6,16924.16,16924.16
528,1.0,15339.47,16873.42,16873.42
529,1.0,3152.0,3656.32,3656.32
530,1.0,1576.0,1828.16,1828.16
531,1.0,1400.0,1624.0,1624.0
532,1.0,1215.0,1409.4,1409.4
533,1.0,527.62,612.04,612.04
534,1.0,796.0,923.36,923.36
535,1.0,0.0,0.0,1617.35
536,1.0,11252.0,13052.32,13052.32
537,1.0,681.0,681.0,681.0
538,1.0,2398.0,2723.5,3027.0
539,1.0,6606.78,6606.78,6606.78
540,1.0,2000.0,1906.6,1906.6
541,1.0,0.0,0.0,0.0
542,1.0,6459.99,7493.59,7493.59
543,1.0,337.5,391.5,391.5
544,1.0,3066.51,3557.15,3557.15
545,1.0,153.26,177.78,177.78
546,1.0,0.0,0.0,0.0
547,1.0,0.0,0.0,0.0
548,1.0,794.55,921.68,921.68
549,1.0,6598.3,7258.13,7258.13
550,1.0,0.0,0.0,0.0
551,1.0,18076.0,19883.6,19883.6
552,1.0,1191.99,1382.7,1382.7
553,1.0,102.25,118.61,118.61
554,1.0,4502.7,5223.13,5223.13
555,1.0,1827.45,2119.84,2119.84
556,1.0,150.0,174.0,174.0
557,1.0,138.0,160.08,160.08
558,1.0,3010.5,3492.18,3492.18
559,1.0,1011.0,1172.76,1172.76
560,1.0,0.0,0.0,0.0
561,1.0,15578.87,17136.76,17136.76
562,1.0,15080.7,16588.77,16588.77
563,1.0,673.6,781.38,781.38
564,1.0,21247.52,24647.13,24647.13
565,1.0,310.0,359.6,359.6
566,1.0,2400.0,2784.0,2784.0
567,1.0,1300.0,1508.0,1508.0
568,1.0,500.0,580.0,580.0
569,1.0,0.0,0.0,0.0
570,1.0,1124.74,1300.15,1300.15
571,1.0,463.79,537.99,28.94
572,1.0,1568.0,1818.88,1818.88
573,1.0,310.16,359.79,359.79
574,1.0,992.94,1151.81,1151.81
575,1.0,874.3,1014.19,1014.19
576,1.0,0.0,0.0,0.0
577,1.0,2150.0,2494.0,2494.0
578,1.0,2398.0,2723.5,3027.0
579,1.0,0.0,0.0,0.0
580,1.0,0.0,0.0,0.0
581,1.0,0.0,0.0,0.0
582,1.0,336.9,398.99,398.99
583,1.0,0.0,0.0,0.0
584,1.0,709.43,820.0,820.0
585,1.0,1188.0,1378.08,1378.08
586,1.0,0.0,0.0,0.0
587,1.0,232.57,269.79,269.79
588,1.0,0.0,0.0,0.0
589,1.0,100.23,116.26,116.26
590,1.0,0.0,0.0,0.0
591,1.0,446.5,517.94,517.94
592,1.0,0.0,0.0,0.0
593,1.0,360.0,417.6,417.6
594,1.0,8300.0,8348.0,8348.0
595,1.0,977.32,1133.69,1133.69
596,1.0,0.0,0.0,0.0
597,1.0,535.73,621.44,621.44
598,1.0,16820.0,18838.4,14633.4
599,1.0,3189.0,3699.24,3699.24
600,1.0,0.0,0.0,0.0
601,1.0,0.0,0.0,0.0
602,1.0,0.0,0.0,0.0
603,1.0,256.0,296.96,296.96
604,1.0,125.0,125.0,0.0
605,1.0,0.0,0.0,0.0
606,1.0,0.0,0.0,0.0
607,1.0,10315.0,11965.4,11965.4
608,1.0,70.0,70.0,70.0
609,1.0,0.0,0.0,0.0
610,1.0,300.0,348.0,348.0
611,1.0,86.52,100.0,100.0
612,1.0,580.0,580.0,580.0
613,1.0,313.1,363.2,363.2
614,1.0,432.53,500.0,500.0
615,1.0,-4809.47,-5578.99,-5578.99
616,1.0,20450.0,23394.8,21349.8
617,1.0,3060.0,3549.6,3549.6
618,1.0,620.0,719.2,719.2
619,1.0,1758.0,2039.28,2039.28
620,1.0,1929.0,2237.64,2237.64
621,1.0,12068.97,14000.0,14000.0
622,1.0,2521.6,2925.06,2925.06
623,1.0,7350.0,8526.0,8526.0
624,1.0,85.34,99.0,99.0
625,1.0,284.8,330.37,330.37
626,1.0,0.0,0.0,0.0
627,1.0,0.0,0.0,0.0
628,1.0,3200.0,3712.0,3712.0
629,1.0,4129.65,4151.99,4151.99
630,1.0,0.0,0.0,0.0
631,1.0,1767.52,2066.75,2066.75
632,1.0,1932.69,2289.01,2289.01
633,1.0,237.07,275.0,275.0
634,1.0,1160.9,1346.64,1346.64
635,1.0,770.0,893.2,893.2
636,1.0,104.8,121.57,121.57
637,1.0,6598.25,7258.07,7258.07
638,1.0,2398.0,2723.5,3027.0
639,1.0,86.21,100.0,100.0
640,1.0,17871.11,19658.22,19658.22
641,1.0,483.0,560.28,560.28
642,1.0,0.0,0.0,0.0
643,1.0,12250.0,14210.0,14210.0
644,1.0,1702.39,1974.76,1974.76
645,1.0,714.94,829.33,829.33
646,1.0,303.73,342.21,279.0
647,1.0,15265.48,16792.03,16792.03
648,1.0,645.0,748.2,748.2
649,1.0,0.0,0.0,1891.55
650,1.0,15000.0,17400.0,17400.0
651,1.0,140.0,140.0,140.0
652,1.0,81.9,95.0,95.0
653,1.0,5039.65,5685.85,4685.0
654,1.0,715.58,827.0,827.0
655,1.0,2682.75,3111.99,3111.99
656,1.0,207.0,240.12,240.12
657,1.0,895.06,1034.67,1034.67
658,1.0,490.0,568.4,568.4
659,1.0,210.0,243.6,243.6
660,1.0,0.0,0.0,4709.4
661,1.0,105.0,105.0,105.0
662,1.0,0.0,0.0,0.0
663,1.0,22575.07,22575.07,22575.07
664,1.0,0.01,0.01,0.0
665,1.0,1810.4,2100.06,2100.06
666,1.0,0.0,0.0,0.0
667,1.0,0.0,0.0,0.0
668,1.0,7085.0,8218.6,8218.6
669,1.0,730.68,847.59,847.59
670,1.0,0.0,0.0,0.0
671,1.0,500.0,580.0,580.0
672,1.0,0.0,0.0,0.0
673,1.0,2865.0,3323.4,3323.4
674,1.0,2044.0,2371.04,2371.04
675,1.0,492.56,571.37,571.37
676,1.0,583.38,676.72,676.72
677,1.0,0.0,0.0,0.0
678,1.0,1827.45,2119.84,2119.84
679,1.0,4200.0,4872.0,4872.0
680,1.0,0.0,0.0,0.0
681,1.0,420.0,487.2,487.2
682,1.0,530.4,615.26,615.26
683,1.0,1090.0,1264.4,1264.4
684,1.0,3944.5,4575.62,4575.62
685,1.0,180.0,208.8,208.8
686,1.0,242.24,281.0,281.0
687,1.0,1390.0,1590.16,1451.16
688,1.0,29.0,33.64,33.64
689,1.0,2574.0,2985.84,2985.84
690,1.0,10344.83,12000.0,12000.0
691,1.0,0.01,0.01,0.0
692,1.0,310.34,360.0,360.0
693,1.0,1400.0,1624.0,1624.0
694,1.0,261.5,303.34,303.34
695,1.0,6985.0,8102.6,8102.6
696,1.0,2715.5,3149.98,3149.98
697,1.0,133.62,155.0,155.0
698,1.0,496.1,575.48,575.48
699,1.0,0.0,0.0,0.0
700,1.0,5344.76,6199.92,6199.92
701,1.0,5152.17,5976.52,5976.52
702,1.0,6286.14,6914.75,6914.75
703,1.0,124.14,144.0,144.0
704,1.0,7300.0,7348.0,7348.0
705,1.0,18172.02,19989.22,19989.22
706,1.0,126.72,147.0,147.0
707,1.0,0.0,0.0,0.0
708,1.0,752.78,870.01,870.01
709,1.0,102.48,118.88,118.88
710,1.0,1286.26,1486.75,1486.75
711,1.0,7000.0,8120.0,8120.0
712,1.0,607.0,704.12,704.12
713,1.0,0.0,0.0,0.0
714,1.0,14513.44,15964.78,15964.78
715,1.0,860.0,997.6,997.6
716,1.0,1707.81,1981.06,1981.06
717,1.0,120.47,135.78,135.78
718,1.0,1063.5,1233.66,1233.66
719,1.0,4860.0,5637.6,5637.6
720,1.0,58.1,67.34,67.0
721,1.0,1439.2,1669.47,1669.47
722,1.0,320.0,371.2,371.2
723,1.0,0.0,0.0,0.0
724,1.0,0.0,0.0,0.0
725,1.0,511.03,590.7,590.7
726,1.0,0.0,0.0,314.0
727,1.0,267.29,310.06,310.06
728,1.0,0.0,0.0,0.0
729,1.0,2202.0,2554.32,2554.32
730,1.0,752.43,876.43,899.0
731,1.0,674.62,784.82,798.99
732,1.0,674.62,784.82,798.99
733,1.0,674.62,784.82,798.99
734,1.0,1865.12,2163.53,2163.53
735,1.0,2585.0,2998.6,2998.6
736,1.0,0.0,0.0,0.0
737,1.0,0.0,0.0,0.0
738,1.0,125.5,125.5,93.5
739,1.0,3170.0,3575.76,2941.76
740,1.0,3052.0,3540.32,3540.32
741,1.0,629.37,600.0,600.0
742,1.0,1533.0,1778.28,1778.28
743,1.0,0.0,0.0,461.0
744,1.0,390.0,452.4,452.4
745,1.0,69.92,81.11,81.11
746,1.0,908.33,1050.0,1050.0
747,1.0,1139.12,1321.38,1321.38
748,1.0,175.0,175.0,175.0
749,1.0,1073.8,1241.2,1241.2
750,1.0,198.0,230.63,236.57
751,1.0,12864.65,14923.0,14923.0
752,1.0,0.0,0.0,1300.0
753,1.0,3597.93,4130.95,4130.95
754,1.0,0.01,0.01,0.0
755,1.0,1560.0,1809.6,1809.6
756,1.0,4000.0,4640.0,4640.0
757,1.0,1774.96,2050.94,2050.94
758,1.0,108.11,125.41,125.41
759,1.0,400.86,465.0,465.0
760,1.0,771.49,891.82,891.82
761,1.0,1215.0,1409.4,1409.4
762,1.0,2448.0,2839.68,2839.68
763,1.0,5286.0,6131.76,6131.76
764,1.0,0.0,0.0,0.0
765,1.0,153.44,178.0,178.0
766,1.0,323.85,375.67,375.67
767,1.0,4228.0,4904.48,4904.48
768,1.0,2725.6,3161.7,3161.7
769,1.0,6815.0,7905.4,7905.4
770,1.0,268.62,311.6,311.6
771,1.0,501.74,580.0,580.0
772,1.0,3681.0,4269.96,4269.96
773,1.0,2352.0,2728.32,2728.32
774,1.0,0.0,0.0,0.0
775,1.0,0.0,0.0,0.0
776,1.0,0.0,0.0,0.0
777,1.0,0.0,0.0,0.0
778,1.0,2000.0,1906.67,1906.67
779,1.0,6598.21,7258.03,7258.03
780,1.0,0.0,0.0,473.0
781,1.0,276.5,320.74,320.74
782,1.0,18075.81,19883.39,19883.39
783,1.0,0.0,0.0,0.0
784,1.0,0.0,0.0,0.0
785,1.0,0.0,0.0,214.99
786,1.0,177.35,205.72,205.72
787,1.0,15648.35,17213.19,17213.19
788,1.0,737.0,854.92,854.92
789,1.0,0.0,0.0,0.0
790,1.0,364.8,423.17,423.17
791,1.0,847.7,983.33,983.33
792,1.0,2720.5,3155.78,3155.78
793,1.0,4356.0,5052.96,5052.96
794,1.0,2247.0,2606.52,2606.52
795,1.0,1304.0,1512.64,1512.64
796,1.0,975.0,1131.0,1131.0
797,1.0,4900.0,5684.0,5684.0
798,1.0,5110.85,5928.59,5928.59
799,1.0,2398.0,2723.5,28599.99
800,1.0,0.0,0.0,179.0
801,1.0,173.04,200.0,200.0
802,1.0,37.0,42.92,42.92
803,1.0,818.16,945.31,945.31
804,1.0,605.84,700.0,700.0
805,1.0,0.0,0.0,0.0
806,1.0,0.0,0.0,0.0
807,1.0,0.0,0.0,0.0
808,1.0,479.91,479.91,479.91
809,1.0,14982.96,17380.23,17380.23
810,1.0,95.12,107.31,107.31
811,1.0,2480.0,2876.8,2876.8
812,1.0,4223.5,4849.2,4849.2
813,1.0,2537.5,2943.5,2943.5
814,1.0,2398.0,2723.5,33000.0
815,1.0,0.0,0.0,0.0
816,1.0,0.0,0.0,0.0
817,1.0,89.75,104.11,104.11
818,1.0,560.0,649.6,649.6
819,1.0,2436.6,2826.46,2826.46
820,1.0,258.91,301.58,309.35
821,1.0,336.9,391.93,398.99
822,1.0,6300.0,6348.0,6348.0
823,1.0,175.0,175.0,175.0
824,1.0,0.0,0.0,0.0
825,1.0,0.0,0.0,0.0
826,1.0,0.0,0.0,705.7
827,1.0,900.0,1044.0,1044.0
828,1.0,0.0,0.0,0.0
829,1.0,0.0,0.0,5626.35
830,1.0,3052.0,3540.32,3540.32
831,1.0,1400.0,1624.0,1624.0
832,1.0,14700.0,17052.0,17052.0
833,1.0,13050.3,15138.35,15138.35
834,1.0,221.0,247.52,247.52
835,1.0,2544.0,2951.04,2951.04
836,1.0,1800.0,2088.0,2088.0
837,1.0,341.0,395.56,395.56
838,1.0,2190.25,2540.69,2540.69
839,1.0,0.0,0.0,0.0
840,1.0,1467.0,1701.72,1701.72
841,1.0,2333.0,2706.28,2706.28
842,1.0,10344.83,12000.0,12000.0
843,1.0,350.0,406.0,406.0
844,1.0,1304.0,1512.64,1512.64
845,1.0,650.0,754.0,754.0
846,1.0,1000.0,1160.0,1160.0
847,1.0,0.0,0.0,0.0
848,1.0,293.34,340.28,340.28
849,1.0,18.97,22.0,22.0
850,1.0,2160.0,2505.6,2505.6
851,1.0,6598.22,7258.05,7258.05
852,1.0,18075.81,19883.39,19883.39
853,1.0,0.0,0.0,0.0
854,1.0,6971.67,8087.13,8087.13
855,1.0,1551.6,1789.62,1789.62
856,1.0,3075.75,3567.87,3567.87
857,1.0,15714.8,17286.28,17286.28
858,1.0,243.1,273.16,273.16
859,1.0,95.12,107.31,107.31
860,1.0,6780.0,7864.8,7864.8
861,1.0,5265.2,6107.63,6107.63
862,1.0,1144.0,1327.04,1327.04
863,1.0,162.0,187.92,187.92
864,1.0,1295.4,1502.66,1502.66
865,1.0,11728.98,11728.98,11728.98
866,1.0,16506.15,16506.15,16506.15
867,1.0,14700.0,17052.0,17052.0
868,1.0,2400.0,2784.0,2784.0
869,1.0,245.0,245.0,245.0
870,1.0,336.9,391.93,398.99
871,1.0,0.0,0.0,0.0
872,1.0,0.0,0.0,0.0
873,1.0,0.0,0.0,0.0
874,1.0,0.0,0.0,0.0
875,1.0,16730.0,19406.8,19406.8
876,1.0,7930.0,9198.8,9198.8
877,1.0,4233.0,4910.28,4910.28
878,1.0,4482.0,5199.12,5199.12
879,1.0,10222.5,11858.1,11858.1
880,1.0,9005.4,10446.26,10446.26
881,1.0,0.0,0.0,0.0
882,1.0,2175.36,2523.42,2523.42
883,1.0,1196.46,1387.89,1387.89
884,1.0,406.73,471.79,471.79
885,1.0,16.0,18.56,18.56
886,1.0,16.0,18.56,18.56
887,1.0,11500.0,11500.0,11500.0
888,1.0,0.0,0.0,0.0
889,1.0,1318.54,1529.51,1529.51
890,1.0,1750.0,2030.0,2030.0
891,1.0,250.0,290.0,290.0
892,1.0,535.0,620.6,620.6
893,1.0,1322.0,1533.52,1533.52
894,1.0,1200.0,1392.0,1392.0
895,1.0,1077.0,1249.32,1249.32
896,1.0,0.0,0.0,49.9
897,1.0,1800.0,2088.0,2088.0
898,1.0,219.02,254.06,254.06
899,1.0,135.76,157.48,157.48
900,1.0,590.0,684.4,684.4
901,1.0,1742.0,2020.72,2020.72
902,1.0,0.0,0.0,0.0
903,1.0,727.0,843.32,843.32
904,1.0,125.0,125.0,0.0
905,1.0,181.22,210.21,210.21
906,1.0,760.4,882.06,882.06
907,1.0,511.0,511.0,511.0
908,1.0,21551.72,25000.0,25000.0
909,1.0,9655.17,11200.0,11200.0
910,1.0,70.0,70.0,70.0
911,1.0,476.0,552.16,552.16
912,1.0,61.08,70.85,70.85
913,1.0,4130.0,4790.8,4790.8
914,1.0,4129.65,4151.99,4151.99
915,1.0,2728.0,3164.48,3164.48
916,1.0,817.45,943.63,943.63
917,1.0,989.12,1142.63,1142.63
918,1.0,519.39,600.0,600.0
919,1.0,1767.52,2052.58,2066.75
920,1.0,1932.69,2248.42,2289.01
921,1.0,0.0,0.0,0.0
922,1.0,0.0,1695.81,12294.61
923,1.0,0.0,272.13,1972.93
924,1.0,6958.12,7653.93,7653.93
925,1.0,2398.0,2723.5,3027.0
926,1.0,2398.0,2723.5,28714.79
927,1.0,2398.0,2723.5,3027.0
928,1.0,2046.13,2373.51,2373.51
929,1.0,13050.3,15138.35,15138.35
930,1.0,16534.36,18187.8,18187.8
931,1.0,1649.05,1912.9,1912.9
932,1.0,0.0,0.0,0.0
933,1.0,0.0,0.0,0.0
934,1.0,15.97,18.53,18.53
935,1.0,206.07,239.04,239.04
936,1.0,960.0,1113.6,1113.6
937,1.0,0.0,0.0,487.0
938,1.0,0.0,0.0,334.0
939,1.0,70.0,70.0,70.0
940,1.0,0.0,2137.53,15497.1
941,1.0,303.73,352.32,352.32
942,1.0,812.5,942.5,942.5
943,1.0,8127.6,9428.02,9428.02
944,1.0,0.0,0.0,0.0
945,1.0,492.24,571.0,571.0
946,1.0,15000.0,17400.0,17400.0
947,1.0,14700.0,17052.0,17052.0
948,1.0,9800.0,11368.0,11368.0
949,1.0,166.76,193.44,193.44
950,1.0,5039.65,5685.85,4685.0
951,1.0,0.0,0.0,0.0
952,1.0,2288.85,2655.07,2655.07
953,1.0,958.28,1089.4,950.6
954,1.0,405.0,469.8,469.8
955,1.0,8793.1,10200.0,10200.0
956,1.0,4278.0,4962.48,4962.48
957,1.0,5000.0,4766.5,4766.5
958,1.0,5000.0,4766.5,4766.5
959,1.0,0.0,0.0,0.0
960,1.0,2398.0,2723.5,28600.0
961,1.0,239.86,278.24,278.24
962,1.0,1950.0,2262.0,2262.0
963,1.0,0.01,0.01,0.0
964,1.0,105.0,105.0,105.0
965,1.0,55.89,64.83,64.83
966,1.0,17802.0,17802.0,17802.0
967,1.0,0.0,0.0,0.0
968,1.0,130.0,150.8,150.8
969,1.0,1495.7,1735.01,1735.01
970,1.0,6544.38,7198.82,7198.82
971,1.0,6598.23,7258.06,7258.06
972,1.0,1110.0,1287.6,1287.6
973,1.0,18542.31,20396.54,20396.54
974,1.0,18075.82,19883.4,19883.4
975,1.0,264.62,306.96,306.96
976,1.0,344.51,399.63,399.63
977,1.0,4200.0,4872.0,4872.0
978,1.0,2247.0,2606.52,2606.52
979,1.0,16404.53,18044.98,18044.98
980,1.0,16028.21,17631.03,17631.03
981,1.0,9126.0,10586.16,10586.16
982,1.0,100.23,113.05,113.05
983,1.0,0.0,0.0,0.0
984,1.0,441.86,510.01,510.01
985,1.0,490.0,568.4,568.4
986,1.0,195.0,226.2,226.2
987,1.0,0.0,0.0,6977.05
988,1.0,4500.0,5220.0,5220.0
989,1.0,0.0,0.0,168.0
990,1.0,1046.83,1214.32,1214.32
991,1.0,15.79,18.32,18.32
992,1.0,650.0,754.0,754.0
993,1.0,3456.0,3456.0,3456.0
994,1.0,742.0,860.72,860.72
995,1.0,3570.0,4141.2,4141.2
996,1.0,3.06,3.55,3.55
997,1.0,0.0,0.0,0.0
998,1.0,0.0,0.0,0.0
999,1.0,596.0,691.36,691.36
1000,1.0,752.43,876.43,899.0
1001,1.0,674.62,784.82,798.99
1002,1.0,674.62,784.82,798.99
1003,1.0,674.62,784.82,798.99
1004,1.0,5344.76,6199.92,6199.92
1005,1.0,5152.17,5976.52,5976.52
1006,1.0,6300.0,6348.0,6348.0
1007,1.0,0.0,0.0,0.0
1008,1.0,5000.0,4766.5,4766.5
1009,1.0,0.0,0.0,0.0
1010,1.0,198.0,230.63,236.57
1011,1.0,0.0,0.0,0.0
1012,1.0,0.0,0.0,0.0
1013,1.0,0.0,0.0,0.0
1014,1.0,3048.0,3535.68,3535.68
1015,1.0,1139.12,1321.38,1321.38
1016,1.0,0.0,0.0,26134.68
1017,1.0,840.52,975.0,975.0
1018,1.0,0.0,0.0,260.5
1019,1.0,0.0,0.0,613.9
1020,1.0,4000.0,4640.0,4640.0
1021,1.0,445.3,514.0,514.0
1022,1.0,0.0,0.0,0.0
1023,1.0,0.0,0.0,0.0
1024,1.0,0.0,0.0,736.65
1025,1.0,0.0,0.0,0.0
1026,1.0,172.6,200.22,200.22
1027,1.0,336.9,391.93,398.99
1028,1.0,287.94,335.39,344.03
1029,1.0,0.0,0.0,0.0
1030,1.0,0.0,0.0,0.0
1031,1.0,0.0,0.0,0.0
1032,1.0,200.0,232.0,232.0
1033,1.0,1550.0,1798.0,1798.0
1034,1.0,2315.0,2685.4,2685.4
1035,1.0,0.0,0.0,0.0
1036,1.0,1265.2,1467.63,1467.63
1037,1.0,6598.23,7258.06,7258.06
1038,1.0,4725.73,5425.83,5425.83
1039,1.0,18075.82,19883.4,19883.4
1040,1.0,2398.0,2723.5,30000.0
1041,1.0,15679.06,17246.97,17246.97
1042,1.0,2.5,2.9,2.9
1043,1.0,0.0,0.0,0.0
1044,1.0,2000.0,1906.67,1906.67
1045,1.0,986.1,1143.88,1143.88
1046,1.0,4380.0,5080.8,5080.8
1047,1.0,13398.0,15541.68,15541.68
1048,1.0,1919.61,2226.75,2226.75
1049,1.0,2398.0,2723.5,28600.0
1050,1.0,1440.75,1671.27,1671.27
1051,1.0,0.0,0.0,0.0
1052,1.0,0.0,0.0,0.0
1053,1.0,2647.5,3071.1,3071.1
1054,1.0,6709.29,6709.29,6709.29
1055,1.0,13050.3,15138.35,15138.35
1056,1.0,0.0,0.0,0.0
1057,1.0,0.0,0.0,0.0
1058,1.0,0.0,0.0,0.0
1059,1.0,0.0,0.0,0.0
1060,1.0,0.0,0.0,0.0
1061,1.0,1437.0,1666.92,1666.92
1062,1.0,2374.0,2753.84,2753.84
1063,1.0,0.0,0.0,0.0
1064,1.0,0.0,0.0,0.0
1065,1.0,0.0,0.0,0.0
1066,1.0,1337.93,1552.0,1552.0
1067,1.0,476.73,553.01,553.01
1068,1.0,3206.64,3719.7,3719.7
1069,1.0,0.0,0.0,0.0
1070,1.0,0.0,0.0,0.0
1071,1.0,2750.0,3190.0,3190.0
1072,1.0,6699.0,7770.84,7770.84
1073,1.0,58.04,67.33,67.33
1074,1.0,843.98,979.02,979.02
1075,1.0,846.0,981.36,981.36
1076,1.0,0.0,0.0,0.0
1077,1.0,100.22,113.04,113.04
1078,1.0,4999.9,5799.89,5799.89
1079,1.0,2360.46,2738.13,2738.13
1080,1.0,330.01,382.81,382.81
1081,1.0,0.0,0.0,0.0
1082,1.0,0.0,0.0,0.0
1083,1.0,107.13,124.27,124.27
1084,1.0,180.0,202.8,202.8
1085,1.0,0.0,0.0,0.0
1086,1.0,356.5,413.54,413.54
1087,1.0,4539.6,5265.94,5265.94
1088,1.0,6598.23,7258.06,7258.06
1089,1.0,159.05,184.5,184.5
1090,1.0,18075.82,19883.4,19883.4
1091,1.0,21551.72,25000.0,25000.0
1092,1.0,0.0,0.0,0.0
1093,1.0,3000.0,3480.0,3480.0
1094,1.0,1420.77,1648.09,1648.09
1095,1.0,815.02,945.42,945.42
1096,1.0,815.02,945.42,945.42
1097,1.0,336.9,391.93,398.99
1098,1.0,16028.21,17631.03,17631.03
1099,1.0,2846.35,3301.77,3301.77
1100,1.0,0.0,0.0,2917.6
1101,1.0,0.0,0.0,0.0
1102,1.0,8254.41,9575.11,9575.11
1103,1.0,598.0,690.11,690.11
1104,1.0,6665.4,7731.86,7731.86
1105,1.0,6178.2,7166.71,7166.71
1106,1.0,1000.0,1160.0,1160.0
1107,1.0,0.0,0.0,0.0
1108,1.0,1932.69,2248.42,2289.01
1109,1.0,0.0,0.0,0.0
1110,1.0,0.0,0.0,0.0
1111,1.0,0.0,0.0,0.0
1112,1.0,0.0,0.0,0.0
1113,1.0,1767.52,2052.58,2066.75
1114,1.0,539.0,625.24,625.24
1115,1.0,9.9,11.48,11.48
1116,1.0,58.06,67.35,67.35
1117,1.0,0.0,0.0,0.0
1118,1.0,6285.91,6914.51,6914.51
1119,1.0,18075.64,19883.2,19883.2
1120,1.0,250.01,290.0,290.0
1121,1.0,47.66,55.29,55.29
1122,1.0,16028.19,17631.01,17631.01
1123,1.0,823.01,950.11,950.11
1124,1.0,0.0,0.0,0.0
1125,1.0,15000.0,17400.0,17400.0
1126,1.0,105.0,105.0,105.0
1127,1.0,4240.0,4918.4,4918.4
1128,1.0,2025.85,2349.99,2349.99
1129,1.0,2398.0,2723.5,28600.0
1130,1.0,1438.79,1669.0,1669.0
1131,1.0,4038.8,4685.0,4685.0
1132,1.0,240.52,279.0,279.0
1133,1.0,0.0,0.0,0.0
1134,1.0,4310.34,5000.0,5000.0
1135,1.0,4130.0,4790.8,4790.8
1136,1.0,0.0,0.0,0.0
1137,1.0,946.78,1098.27,1098.27
1138,1.0,0.0,0.0,0.0
1139,1.0,200.0,232.0,232.0
1140,1.0,2949.75,2965.71,2965.71
1141,1.0,18.97,22.0,22.0
1142,1.0,0.0,0.0,0.0
1143,1.0,0.0,0.0,0.0
1144,1.0,4100.0,4100.0,4100.0
1145,1.0,490.0,568.4,568.4
1146,1.0,285.0,330.6,330.6
1147,1.0,243.72,269.8,269.8
1148,1.0,0.0,0.0,0.0
1149,1.0,0.0,0.0,0.0
1150,1.0,5344.76,6199.92,6199.92
1151,1.0,5152.17,5976.52,5976.52
1152,1.0,2398.0,2723.5,3027.0
1153,1.0,34.22,39.7,39.7
1154,1.0,0.0,0.0,0.0
1155,1.0,0.0,2723.5,3027.0
1156,1.0,0.0,0.0,0.0
1157,1.0,0.0,0.0,0.0
1158,1.0,0.01,0.01,0.0
1159,1.0,674.62,798.99,798.99
1160,1.0,752.43,899.0,899.0
1161,1.0,674.62,798.99,798.99
1162,1.0,674.62,798.99,798.99
1163,1.0,4310.35,5000.01,5000.01
1164,1.0,2042.97,2247.27,2247.27
1165,1.0,2585.0,2998.6,2998.6
1166,1.0,3990.02,4389.02,4389.02
1167,1.0,3300.0,3348.0,3348.0
1168,1.0,9660.82,10626.9,10626.9
1169,1.0,18561.63,20417.79,20417.79
1170,1.0,2398.0,2723.5,3027.0
1171,1.0,135.34,157.0,157.0
1172,1.0,0.01,0.01,0.0
1173,1.0,0.0,0.0,0.0
1174,1.0,0.0,0.0,0.0
1175,1.0,0.0,0.0,0.0
1176,1.0,0.0,0.0,0.0
1177,1.0,168.96,195.99,195.99
1178,1.0,2371.0,2750.36,2750.36
1179,1.0,0.0,0.0,0.0
1180,1.0,11168.47,12285.32,12285.32
1181,1.0,2398.0,2723.5,31487.04
1182,1.0,1139.12,1321.38,1321.38
1183,1.0,69.1,80.16,80.16
1184,1.0,0.0,0.0,0.0
1185,1.0,0.0,0.0,0.0
1186,1.0,1000.0,1160.0,1160.0
1187,1.0,98.08,113.77,113.77
1188,1.0,16.08,18.65,18.65
1189,1.0,2398.0,2723.5,3027.0
1190,1.0,0.0,0.0,1432.3
1191,1.0,198.0,236.57,236.57
1192,1.0,3601.0,4090.74,3550.59
1193,1.0,0.0,0.0,0.0
1194,1.0,0.0,0.0,0.0
1195,1.0,0.0,0.0,0.0
1196,1.0,0.0,0.0,0.0
1197,1.0,0.0,0.0,0.0
1198,1.0,0.0,0.0,0.0
1199,1.0,341.1,395.68,395.68
1200,1.0,0.0,0.0,0.0
1201,1.0,0.0,0.0,0.0
1202,1.0,-1784.57,-2070.1,-2070.1
1203,1.0,-1016.01,-1178.57,-1178.57
1204,1.0,74.14,86.0,86.0
1205,1.0,632.48,733.68,733.68
1206,1.0,342.0,396.72,396.72
1207,1.0,426.72,495.0,495.0
1208,1.0,236.62,274.48,274.48
1209,1.0,2675.0,3060.76,2796.76
1210,1.0,0.0,0.0,0.0
1211,1.0,0.0,0.0,0.0
1212,1.0,0.0,0.0,0.0
1213,1.0,0.0,0.0,0.0
1214,1.0,4660.68,5406.39,5406.39
1215,1.0,-1009.09,-1170.55,-1170.55
1216,1.0,1016.01,1178.57,1178.57
1217,1.0,4824.91,5307.41,5307.41
1218,1.0,1100.0,1276.0,1276.0
1219,1.0,900.0,1044.0,1044.0
1220,1.0,4000.0,4640.0,4640.0
1221,1.0,218.22,253.14,253.14
1222,1.0,11821.55,13003.71,13003.71
1223,1.0,180.0,202.8,202.8
1224,1.0,2923.95,3357.12,3357.12
1225,1.0,2398.0,2723.5,3027.0
1226,1.0,1448.83,1680.65,1680.65
1227,1.0,200.96,240.11,240.11
1228,1.0,336.9,398.99,398.99
1229,1.0,8265.05,9587.46,9587.46
1230,1.0,0.0,0.0,0.0
1231,1.0,2354.5,2731.22,2731.22
1232,1.0,0.0,0.0,3763.8
1233,1.0,0.0,0.0,0.0
1234,1.0,8330.66,9163.73,9163.73
1235,1.0,23275.86,27000.0,27000.0
1236,1.0,15000.0,14300.0,14300.0
1237,1.0,68.18,79.09,79.09
1238,1.0,600.0,696.0,696.0
1239,1.0,11772.0,13655.52,13655.52
1240,1.0,0.0,0.0,0.0
1241,1.0,0.0,0.0,880.9
1242,1.0,0.0,0.0,4311.6
1243,1.0,2398.0,2723.5,29214.02
1244,1.0,149.74,173.7,173.7
1245,1.0,3100.0,3596.0,3596.0
1246,1.0,1600.0,1856.0,1856.0
1247,1.0,0.0,0.0,0.0
1248,1.0,2025.05,2227.56,2227.56
1249,1.0,2596.73,2856.41,2856.41
1250,1.0,201.0,226.32,226.32
1251,1.0,820.0,951.2,951.2
1252,1.0,919.89,1062.57,1062.57
1253,1.0,3500.0,3336.55,3336.55
1254,1.0,1025.0,1189.0,1189.0
1255,1.0,0.0,0.0,0.0
1256,1.0,0.0,0.0,0.0
1257,1.0,0.0,0.0,0.0
1258,1.0,0.0,0.0,0.0
1259,1.0,0.0,0.0,0.0
1260,1.0,6.89,7.99,7.99
1261,1.0,0.0,0.0,0.0
1262,1.0,0.0,0.0,0.0
1263,1.0,6438.72,7468.92,7468.92
1264,1.0,1723.28,1999.0,1999.0
1265,1.0,11403.71,11403.71,11403.71
1266,1.0,210.0,210.0,210.0
1267,1.0,349.5,405.42,405.42
1268,1.0,11.51,13.35,13.35
1269,1.0,3364.28,3700.7,3700.7
1270,1.0,8218.48,9040.33,9040.33
1271,1.0,0.0,0.0,0.0
1272,1.0,1912.13,2218.07,2218.07
1273,1.0,279.29,323.98,323.98
1274,1.0,18.97,22.0,22.0
1275,1.0,263.22,305.34,305.34
1276,1.0,11951.89,13147.08,13147.08
1277,1.0,1100.0,1276.0,1276.0
1278,1.0,0.0,0.0,69.0
1279,1.0,81.08,94.06,94.06
1280,1.0,336.9,398.99,398.99
1281,1.0,936.0,1085.76,1085.76
1282,1.0,0.0,0.0,0.0
1283,1.0,1767.52,2066.75,2066.75
1284,1.0,1932.69,2289.01,2289.01
1285,1.0,125.0,125.0,0.0
1286,1.0,44.73,51.89,51.89
1287,1.0,361.21,419.0,419.0
1288,1.0,114.02,132.26,132.26
1289,1.0,4261.32,4874.95,4448.82
1290,1.0,900.56,1044.64,1044.64
1291,1.0,2861.52,2861.52,2861.52
1292,1.0,0.0,0.0,0.0
1293,1.0,0.0,0.0,0.0
1294,1.0,217.2,217.2,217.2
1295,1.0,2961.0,3434.76,3434.76
1296,1.0,781.0,905.96,905.96
1297,1.0,176.72,205.0,205.0
1298,1.0,3300.0,3348.0,3348.0
1299,1.0,1364.67,1583.0,1583.0
1300,1.0,1264.0,1264.0,1264.0
1301,1.0,113.0,113.0,113.0
1302,1.0,113.0,113.0,113.0
1303,1.0,0.0,0.0,0.0
1304,1.0,0.0,0.0,0.0
1305,1.0,0.0,0.0,0.0
1306,1.0,129.85,150.0,150.0
1307,1.0,261.23,303.02,303.02
1308,1.0,529.82,614.6,614.6
1309,1.0,3364.28,3700.7,3700.7
1310,1.0,8218.48,9040.33,9040.33
1311,1.0,15000.0,17400.0,17400.0
1312,1.0,55.17,64.0,64.0
1313,1.0,0.0,0.0,691.0
1314,1.0,0.0,0.0,17.9
1315,1.0,559.32,648.82,648.82
1316,1.0,189.3,219.59,219.59
1317,1.0,2359.8,2372.57,2372.57
1318,1.0,0.0,0.0,0.0
1319,1.0,647.74,748.22,748.22
1320,1.0,11951.69,13146.86,13146.86
1321,1.0,86.93,100.84,100.84
1322,1.0,95.12,107.31,107.31
1323,1.0,12068.97,14000.0,14000.0
1324,1.0,1724.14,2000.0,2000.0
1325,1.0,4320.0,4942.08,4510.08
1326,1.0,15000.0,14300.0,14300.0
1327,1.0,79.26,91.94,91.94
1328,1.0,5039.65,5685.85,4685.0
1329,1.0,165.58,192.08,192.08
1330,1.0,1163.8,1350.01,1350.01
1331,1.0,1637.93,1900.0,1900.0
1332,1.0,490.0,568.4,568.4
1333,1.0,0.0,0.0,0.0
1334,1.0,0.0,0.0,0.0
1335,1.0,0.0,0.0,0.0
1336,1.0,0.0,0.0,0.0
1337,1.0,0.0,0.0,0.0
1338,1.0,0.0,0.0,0.0
1339,1.0,0.01,0.01,0.0
1340,1.0,6500.0,6500.0,6500.0
1341,1.0,1200.0,1392.0,1392.0
1342,1.0,0.0,0.0,1953.95
1343,1.0,0.0,0.0,1720.91
1344,1.0,0.0,0.0,1975.1
1345,1.0,0.0,0.0,0.0
1346,1.0,965.36,1115.18,1115.18
1347,1.0,100.0,116.0,116.0
1348,1.0,261.09,302.86,302.86
1349,1.0,861.0,998.76,998.76
1350,1.0,300.0,348.0,348.0
1351,1.0,0.0,0.0,0.0
1352,1.0,3500.0,3336.55,3336.55
1353,1.0,1250.0,1450.0,1450.0
1354,1.0,180.0,202.8,202.8
1355,1.0,37.5,43.5,43.5
1356,1.0,5400.0,6264.0,6264.0
1357,1.0,291.45,338.08,338.08
1358,1.0,291.45,338.08,338.08
1359,1.0,175.0,175.0,175.0
1360,1.0,0.0,0.0,0.0
1361,1.0,0.0,0.0,0.0
1362,1.0,0.0,0.0,0.0
1363,1.0,15.64,18.14,18.14
1364,1.0,3960.0,4593.6,4593.6
1365,1.0,2940.0,3410.4,3410.4
1366,1.0,0.0,0.0,0.0
1367,1.0,0.0,0.0,0.0
1368,1.0,0.0,0.0,0.0
1369,1.0,4485.0,5202.6,5202.6
1370,1.0,3105.54,3416.1,3416.1
1371,1.0,0.0,0.0,925.95
1372,1.0,8425.93,9268.52,9268.52
1373,1.0,17241.38,20000.0,20000.0
1374,1.0,0.0,0.0,0.0
1375,1.0,1587.06,1840.99,1840.99
1376,1.0,121.9,141.4,141.4
1377,1.0,11187.62,12306.38,12306.38
1378,1.0,474.72,550.68,550.68
1379,1.0,432.83,500.0,500.0
1380,1.0,57.42,66.61,66.61
1381,1.0,0.0,0.0,782.25
1382,1.0,35.0,35.0,35.0
1383,1.0,2398.0,2723.5,3027.0
1384,1.0,2398.0,2723.5,3027.0
1385,1.0,2398.0,2723.5,3027.0
1386,1.0,1656.45,1931.15,1931.15
1387,1.0,2064.69,2446.72,2446.72
1388,1.0,463.55,549.01,549.01
1389,1.0,202.44,241.87,241.87
1390,1.0,752.43,899.0,899.0
1391,1.0,2398.0,2723.5,3027.0
1392,1.0,2585.0,2998.6,2998.6
1393,1.0,600.0,696.0,696.0
1394,1.0,0.0,0.0,1360.8
1395,1.0,0.0,0.0,235.0
1396,1.0,3833.0,3833.0,3833.0
1397,1.0,3300.0,3348.0,3348.0
1398,1.0,4620.0,5359.2,5359.2
1399,1.0,237.86,275.92,275.92
1400,1.0,36.78,42.66,42.66
1401,1.0,0.0,0.0,0.0
1402,1.0,1266.0,1468.56,1468.56
1403,1.0,1139.12,1321.38,1321.38
1404,1.0,0.0,0.0,0.0
1405,1.0,2800.0,3248.0,3248.0
1406,1.0,4519.61,5242.75,5242.75
1407,1.0,819.0,950.04,950.04
1408,1.0,0.0,0.0,0.0
1409,1.0,0.0,0.0,0.0
1410,1.0,100.89,117.03,117.03
1411,1.0,1615.88,1874.42,1874.42
1412,1.0,3169.76,3486.73,3486.73
1413,1.0,2000.0,2320.0,2320.0
1414,1.0,10227.36,11250.1,11250.1
1415,1.0,1960.0,2273.6,2273.6
1416,1.0,1494.93,1734.12,1734.12
1417,1.0,11.95,13.86,13.86
1418,1.0,17.09,19.82,19.82
1419,1.0,2123.8,2463.61,2463.61
1420,1.0,10835.07,11918.58,11918.58
1421,1.0,1705.35,1875.89,1875.89
1422,1.0,350.0,406.0,406.0
1423,1.0,248.4,288.14,288.14
1424,1.0,0.0,0.0,0.0
1425,1.0,4024.97,4621.26,4621.26
1426,1.0,12931.03,15000.0,15000.0
1427,1.0,0.0,0.0,0.0
1428,1.0,0.0,0.0,0.0
1429,1.0,1110.0,1287.6,1287.6
1430,1.0,5390.0,6252.4,6252.4
1431,1.0,600.0,696.0,696.0
1432,1.0,14.26,16.54,16.54
1433,1.0,0.0,0.0,0.0
1434,1.0,1000.71,1156.25,1156.25
1435,1.0,1591.25,1853.25,1853.25
1436,1.0,9548.28,11076.0,11076.0
1437,1.0,0.0,0.0,1351.0
1438,1.0,0.0,0.0,583.8
1439,1.0,4300.0,4348.0,4348.0
1440,1.0,0.0,0.0,0.0
1441,1.0,3900.8,4524.93,4524.93
1442,1.0,4037.6,4683.62,4683.62
1443,1.0,2525.6,2929.7,2929.7
1444,1.0,980.0,1136.8,1136.8
1445,1.0,15000.0,14300.0,14300.0
1446,1.0,4000.0,4640.0,4640.0
1447,1.0,29.89,34.67,34.67
1448,1.0,19200.0,22272.0,22272.0
1449,1.0,1757.8,2039.05,2039.05
1450,1.0,3307.01,3836.13,3836.13
1451,1.0,707.25,820.41,820.41
1452,1.0,3693.32,4284.25,4284.25
1453,1.0,2820.0,3271.2,3271.2
1454,1.0,140.0,140.0,140.0
1455,1.0,2870.0,3329.2,3329.2
1456,1.0,1350.0,1566.0,1566.0
1457,1.0,0.0,0.0,0.0
1458,1.0,0.0,0.0,0.0
1459,1.0,13.12,15.22,15.22
1460,1.0,1394.4,1617.5,1617.5
1461,1.0,0.0,0.0,0.0
1462,1.0,0.0,0.0,0.0
1463,1.0,0.0,0.0,0.0
1464,1.0,2738.7,3176.89,3176.89
1465,1.0,4602.75,5063.02,5063.02
1466,1.0,10245.04,11269.55,11269.55
1467,1.0,4148.0,4811.68,4811.68
1468,1.0,5008.44,5008.44,5008.44
1469,1.0,752.03,872.36,872.36
1470,1.0,1468.02,1702.9,1702.9
1471,1.0,0.0,0.0,0.0
1472,1.0,0.0,0.0,0.0
1473,1.0,0.0,0.0,0.0
1474,1.0,10332.78,11366.05,11366.05
1475,1.0,6517.2,7559.96,7559.96
1476,1.0,237.45,275.44,275.44
1477,1.0,188.05,218.14,218.14
1478,1.0,0.0,0.0,0.0
1479,1.0,20540.0,23826.4,23826.4
1480,1.0,6120.0,7099.2,7099.2
1481,1.0,439.65,509.99,509.99
1482,1.0,1896.55,2200.0,2200.0
1483,1.0,140.0,140.0,140.0
1484,1.0,391.0,453.56,453.56
1485,1.0,0.0,0.0,0.0
1486,1.0,0.0,0.0,0.0
1487,1.0,195.68,227.0,227.0
1488,1.0,0.0,0.0,0.0
1489,1.0,2280.0,2644.8,2644.8
1490,1.0,0.0,0.0,0.0
1491,1.0,3787.2,4393.15,4393.15
1492,1.0,220.05,255.26,255.26
1493,1.0,429.0,497.64,497.64
1494,1.0,0.0,0.0,0.0
1495,1.0,2300.0,2348.0,2348.0
1496,1.0,1100.0,1276.0,1276.0
1497,1.0,16170.0,18757.2,18757.2
1498,1.0,2850.0,3306.0,3306.0
1499,1.0,278.94,323.57,323.57
1500,1.0,12600.0,14616.0,14616.0
1501,1.0,336.9,398.99,398.99
1502,1.0,2376.0,2756.16,2756.16
1503,1.0,126.56,146.81,146.81
1504,1.0,180.0,208.8,208.8
1505,1.0,520.0,603.2,603.2
1506,1.0,267.25,310.01,310.01
1507,1.0,267.25,310.01,310.01
1508,1.0,230.16,267.0,267.0
1509,1.0,0.0,0.0,0.0
1510,1.0,4935.0,5724.6,5724.6
1511,1.0,3395.0,3938.2,3938.2
1512,1.0,72.67,84.3,84.3
1513,1.0,84.6,98.14,98.14
1514,1.0,306.55,355.59,355.59
1515,1.0,0.0,0.0,0.0
1516,1.0,3248.31,3248.31,3248.31
1517,1.0,0.0,0.0,0.0
1518,1.0,5168.5,5685.35,5685.35
1519,1.0,7405.6,8590.5,8590.5
1520,1.0,10968.84,12065.72,12065.72
1521,1.0,13793.1,16000.0,16000.0
1522,1.0,0.0,0.0,0.0
1523,1.0,0.0,0.0,0.0
1524,1.0,6000.0,6960.0,6960.0
1525,1.0,220.0,255.2,255.2
1526,1.0,1253.26,1453.79,1453.79
1527,1.0,110.51,128.19,128.19
1528,1.0,1408.4,1633.74,1633.74
1529,1.0,2359.8,2372.57,2372.57
1530,1.0,1429.8,1666.75,1666.75
1531,1.0,10346.18,11380.8,11380.8
1532,1.0,1068.5,1239.46,1239.46
1533,1.0,390.0,452.4,452.4
1534,1.0,21245.47,24644.75,24644.75
1535,1.0,68.97,80.01,80.01
1536,1.0,1500.0,1740.0,1740.0
1537,1.0,2158.8,2504.21,2504.21
1538,1.0,0.0,0.0,0.0
1539,1.0,1000.0,1160.0,1160.0
1540,1.0,9.57,11.1,11.1
1541,1.0,0.0,0.0,0.0
1542,1.0,0.0,683.03,4951.95
1543,1.0,0.0,0.0,0.0
1544,1.0,1612.9,1870.96,1870.96
1545,1.0,2025.86,2350.0,2350.0
1546,1.0,140.0,140.0,140.0
1547,1.0,0.0,0.0,0.0
1548,1.0,5400.0,6264.0,6264.0
1549,1.0,5400.0,6264.0,6264.0
1550,1.0,5300.0,5348.0,5348.0
1551,1.0,8932.0,10361.12,10361.12
1552,1.0,259.61,300.0,300.0
1553,1.0,189.59,219.93,219.93
1554,1.0,1960.0,2273.6,2273.6
1555,1.0,4038.8,4685.0,4685.0
1556,1.0,933.78,1083.18,1083.18
1557,1.0,1500.0,1740.0,1740.0
1558,1.0,1743.05,2021.94,2021.94
1559,1.0,0.0,0.0,0.0
1560,1.0,15000.0,17400.0,17400.0
1561,1.0,428.0,496.48,496.48
1562,1.0,0.0,0.0,0.0
1563,1.0,0.0,0.0,0.0
1564,1.0,15000.0,14300.0,14300.0
1565,1.0,163.62,189.8,189.8
1566,1.0,51.36,59.57,59.57
1567,1.0,18.97,22.0,22.0
1568,1.0,12000.0,13920.0,13920.0
1569,1.0,400.0,464.0,464.0
1570,1.0,728.0,844.48,844.48
1571,1.0,0.0,0.0,0.0
1572,1.0,0.0,0.0,0.0
1573,1.0,4539.0,5265.24,5265.24
1574,1.0,4187.25,4857.21,4857.21
1575,1.0,5932.98,6170.3,6170.3
1576,1.0,273.95,317.78,317.78
1577,1.0,21551.72,25000.0,25000.0
1578,1.0,0.0,0.0,0.0
1579,1.0,203.01,235.49,235.49
1580,1.0,123.28,143.0,143.0
1581,1.0,18.97,22.0,22.0
1582,1.0,165.06,191.47,191.47
1583,1.0,0.0,0.0,0.0
1584,1.0,4800.67,5568.78,5568.78
1585,1.0,2970.0,3445.2,3445.2
1586,1.0,336.0,389.76,389.76
1587,1.0,561.6,651.46,651.46
1588,1.0,68.97,80.0,80.0
1589,1.0,490.0,568.4,568.4
1590,1.0,105.0,121.8,121.8
1591,1.0,5623.99,6186.39,6186.39
1592,1.0,10301.37,11331.51,11331.51
1593,1.0,181.38,210.4,210.4
1594,1.0,2035.04,2360.63,2360.63
1595,1.0,0.0,0.0,0.0
1596,1.0,0.0,0.0,0.0
1597,1.0,9873.08,10860.39,10860.39
1598,1.0,6260.0,7261.6,7261.6
1599,1.0,2585.0,2998.6,2998.6
1600,1.0,920.0,1067.2,1067.2
1601,1.0,300.26,348.3,348.3
1602,1.0,175.0,175.0,175.0
1603,1.0,386.72,448.59,448.59
1604,1.0,463.55,539.28,549.01
1605,1.0,3512.1,4081.5,4128.12
1606,1.0,4786.01,5551.77,5551.77
1607,1.0,4785.99,5551.75,5551.75
1608,1.0,1047.91,1210.02,1210.02
1609,1.0,2398.0,2723.5,3027.0
1610,1.0,0.0,0.0,0.0
1611,1.0,5000.0,4766.5,4766.5
1612,1.0,1950.0,2262.0,2262.0
1613,1.0,0.0,0.0,478.0
1614,1.0,4.03,4.67,4.67
1615,1.0,1560.0,1809.6,1809.6
1616,1.0,0.0,0.0,0.0
1617,1.0,2489.86,2888.24,2888.24
1618,1.0,0.0,0.0,1474.3
1619,1.0,0.0,0.0,170.0
1620,1.0,601.72,698.0,698.0
1621,1.0,0.0,0.0,0.0
1622,1.0,5451.89,6324.19,6324.19
1623,1.0,0.0,0.0,0.0
1624,1.0,6000.0,6960.0,6960.0
1625,1.0,1000.0,1160.0,1160.0
1626,1.0,1637.93,1900.0,1900.0
1627,1.0,198.0,230.63,236.57
1628,1.0,2398.0,2723.5,3027.0
1629,1.0,177.21,199.51,199.51
1630,1.0,13.79,16.0,16.0
1631,1.0,3245.96,3765.31,3765.31
1632,1.0,45.69,53.0,53.0
1633,1.0,0.0,0.0,3310.5
1634,1.0,0.0,0.0,2360.65
1635,1.0,390.0,452.4,452.4
1636,1.0,153.45,178.0,178.0
1637,1.0,546.25,633.65,633.65
1638,1.0,800.0,928.0,928.0
1639,1.0,0.0,0.0,0.0
1640,1.0,5155.18,5980.0,5980.0
1641,1.0,75.37,87.43,87.43
1642,1.0,18.97,22.0,22.0
1643,1.0,0.0,0.0,0.0
1644,1.0,112.5,130.5,130.5
1645,1.0,19425.05,22533.06,22533.06
1646,1.0,0.0,0.0,0.0
1647,1.0,1139.12,1321.38,1321.38
1648,1.0,640.0,742.4,742.4
1649,1.0,6122.28,6734.5,6734.5
1650,1.0,18223.23,20045.56,20045.56
1651,1.0,0.0,0.0,0.0
1652,1.0,0.0,0.0,0.0
1653,1.0,0.0,0.0,0.0
1654,1.0,2130.0,2470.8,2470.8
1655,1.0,476.0,552.16,552.16
1656,1.0,1500.0,1740.0,1740.0
1657,1.0,4500.0,5220.0,5220.0
1658,1.0,2938.25,3408.37,3408.37
1659,1.0,538.75,622.08,622.08
1660,1.0,2414.91,2793.52,2793.52
1661,1.0,71.75,83.23,83.23
1662,1.0,135.77,157.49,157.49
1663,1.0,516.66,599.33,599.33
1664,1.0,14339.44,15773.38,15773.38
1665,1.0,0.0,0.0,0.0
1666,1.0,0.0,0.0,0.0
1667,1.0,2398.0,2723.5,3027.0
1668,1.0,5300.0,5348.0,5348.0
1669,1.0,0.0,0.0,0.0
1670,1.0,173.21,200.0,200.0
1671,1.0,19106.72,22163.8,22163.8
1672,1.0,516.38,599.0,599.0
1673,1.0,0.0,0.0,0.0
1674,1.0,0.0,0.0,0.0
1675,1.0,0.0,0.0,0.0
1676,1.0,188.04,218.13,218.13
1677,1.0,554.94,643.73,643.73
1678,1.0,550.0,638.0,638.0
1679,1.0,300.0,348.0,348.0
1680,1.0,3269.4,3792.5,3792.5
1681,1.0,8024.96,9308.95,9308.95
1682,1.0,8024.96,9308.95,9308.95
1683,1.0,750.0,870.0,870.0
1684,1.0,0.0,0.0,0.0
1685,1.0,0.0,0.0,0.0
1686,1.0,0.0,0.0,0.0
1687,1.0,163.67,189.86,189.86
1688,1.0,82.0,82.0,82.0
1689,1.0,209.84,244.42,250.72
1690,1.0,5104.01,5920.65,5920.65
1691,1.0,12288.0,14254.08,14254.08
1692,1.0,2383.6,2764.98,2764.98
1693,1.0,7087.26,8221.22,8221.22
1694,1.0,1989.0,2307.24,2307.24
1695,1.0,89.48,103.8,103.8
1696,1.0,4997.1,5737.41,5737.41
1697,1.0,112.0,129.92,129.92
1698,1.0,1741.38,2020.0,2020.0
1699,1.0,6000.0,6960.0,6960.0
1700,1.0,439.0,509.24,509.24
1701,1.0,5156.0,5980.96,5980.96
1702,1.0,530.4,615.26,615.26
1703,1.0,175.0,175.0,175.0
1704,1.0,2398.0,2723.5,28600.0
1705,1.0,606.22,700.0,700.0
1706,1.0,160.02,185.62,185.62
1707,1.0,1573.83,1825.64,1825.64
1708,1.0,1573.83,1825.64,1825.64
1709,1.0,1573.83,1825.64,1825.64
1710,1.0,1405.25,1630.09,1630.09
1711,1.0,1405.25,1630.09,1630.09
1712,1.0,1573.83,1825.64,1825.64
1713,1.0,1573.83,1825.64,1825.64
1714,1.0,1573.83,1825.64,1825.64
1715,1.0,1405.25,1630.09,1630.09
1716,1.0,1573.83,1825.64,1825.64
1717,1.0,1573.83,1825.64,1825.64
1718,1.0,1573.83,1825.64,1825.64
1719,1.0,1405.25,1630.09,1630.09
1720,1.0,1405.25,1630.09,1630.09
1721,1.0,-1405.25,-1630.09,-1630.09
1722,1.0,-1573.83,-1825.64,-1825.64
1723,1.0,-1405.25,-1630.09,-1630.09
1724,1.0,-1573.83,-1825.64,-1825.64
1725,1.0,-1573.83,-1825.64,-1825.64
1726,1.0,-1573.83,-1825.64,-1825.64
1727,1.0,-1405.25,-1630.09,-1630.09
1728,1.0,-1573.83,-1825.64,-1825.64
1729,1.0,-1573.83,-1825.64,-1825.64
1730,1.0,-1405.25,-1630.09,-1630.09
1731,1.0,-1405.25,-1630.09,-1630.09
1732,1.0,-1573.83,-1825.64,-1825.64
1733,1.0,-1573.83,-1825.64,-1825.64
1734,1.0,-1573.83,-1825.64,-1825.64
1735,1.0,4310.35,5000.01,5000.01
1736,1.0,2070.0,2401.2,2401.2
1737,1.0,1200.0,1392.0,1392.0
1738,1.0,3989.66,4627.99,4627.99
1739,1.0,346.0,401.36,401.36
1740,1.0,2398.0,2723.5,33136.55
1741,1.0,6123.21,6735.53,6735.53
1742,1.0,2000.0,2320.0,2320.0
1743,1.0,17806.11,19586.72,19586.72
1744,1.0,1923.78,2231.58,2231.58
1745,1.0,16987.23,19705.19,19705.19
1746,1.0,627.21,727.56,727.56
1747,1.0,3121.69,3597.99,3597.99
1748,1.0,384.07,445.52,445.52
1749,1.0,150.02,174.02,174.02
1750,1.0,2500.0,2900.0,2900.0
1751,1.0,1250.0,1450.0,1450.0
1752,1.0,1560.0,1809.6,1809.6
1753,1.0,14315.53,15747.08,15747.08
1754,1.0,6570.0,7621.2,7621.2
1755,1.0,1156.8,1341.89,1341.89
1756,1.0,5920.5,6867.78,6867.78
1757,1.0,1155.0,1339.8,1339.8
1758,1.0,657.5,762.7,762.7
1759,1.0,5300.0,5348.0,5348.0
1760,1.0,0.0,0.0,0.0
1761,1.0,259.81,300.0,300.0
1762,1.0,129.9,150.0,150.0
1763,1.0,173.21,200.0,200.0
1764,1.0,110.36,128.02,128.02
1765,1.0,0.0,0.0,0.0
1766,1.0,1250.0,1450.0,1450.0
1767,1.0,263.22,305.34,305.34
1768,1.0,140.0,140.0,140.0
1769,1.0,0.0,0.0,0.0
1770,1.0,181.03,210.0,210.0
1771,1.0,0.0,0.0,1205.25
1772,1.0,154.91,179.7,179.7
1773,1.0,31.03,36.0,36.0
1774,1.0,230.16,267.0,267.0
1775,1.0,146.55,170.0,170.0
1776,1.0,1305.0,1513.8,1513.8
1777,1.0,1720.0,1995.2,1995.2
1778,1.0,16170.0,18757.2,18757.2
1779,1.0,259.81,300.0,300.0
1780,1.0,457.58,530.79,530.79
1781,1.0,259.6,300.0,300.0
1782,1.0,1980.0,2296.8,2296.8
1783,1.0,337.35,391.33,391.33
1784,1.0,1246.62,1446.08,1446.08
1785,1.0,0.0,0.0,0.0
1786,1.0,0.0,0.0,0.0
1787,1.0,0.0,0.0,0.0
1788,1.0,0.0,0.0,0.0
1789,1.0,0.0,0.0,0.0
1790,1.0,4963.2,5757.31,5757.31
1791,1.0,3298.08,3825.77,3825.77
1792,1.0,1200.0,1392.0,1392.0
1793,1.0,1437.69,1667.72,1667.72
1794,1.0,9.24,10.72,10.72
1795,1.0,126.45,139.0,139.0
1796,1.0,264.0,306.24,306.24
1797,1.0,1000.0,1160.0,1160.0
1798,1.0,11404.8,13229.57,13229.57
1799,1.0,109.12,126.58,126.58
1800,1.0,5616.4,6515.02,6515.02
1801,1.0,5911.4,6857.22,6857.22
1802,1.0,0.0,0.0,0.0
1803,1.0,0.0,0.0,0.0
1804,1.0,1296.0,1503.36,1503.36
1805,1.0,360.0,417.6,417.6
1806,1.0,797.0,924.52,924.52
1807,1.0,1651.0,1915.16,1915.16
1808,1.0,6.55,7.6,7.6
1809,1.0,1560.0,1809.6,1809.6
1810,1.0,336.9,391.93,398.99
1811,1.0,0.0,0.0,0.0
1812,1.0,5950.08,6902.09,6902.09
1813,1.0,7330.0,8502.8,8502.8
1814,1.0,3118.0,3616.88,3616.88
1815,1.0,3920.0,4547.2,4547.2
1816,1.0,400.0,464.0,464.0
1817,1.0,6545.85,7200.44,7200.44
1818,1.0,18719.07,20590.98,20590.98
1819,1.0,758.0,758.0,758.0
1820,1.0,1335.29,1548.92,1548.92
1821,1.0,539.69,626.04,626.04
1822,1.0,14761.76,16237.93,16237.93
1823,1.0,436.0,505.76,505.76
1824,1.0,1500.0,1740.0,1740.0
1825,1.0,3725.0,4321.0,4321.0
1826,1.0,9133.3,9133.3,9133.3
1827,1.0,309.45,358.96,358.96
1828,1.0,13966.13,16200.71,16200.71
1829,1.0,0.0,0.0,16200.71
1830,1.0,0.0,0.0,16200.71
1831,1.0,0.0,0.0,16200.71
1832,1.0,0.0,0.0,16200.71
1833,1.0,0.0,0.0,16200.71
1834,1.0,0.0,0.0,16200.71
1835,1.0,0.0,0.0,16200.71
1836,1.0,0.0,0.0,16200.71
1837,1.0,0.0,0.0,16200.71
1838,1.0,0.0,0.0,16200.71
1839,1.0,0.0,0.0,16200.71
1840,1.0,1429.8,1659.69,1666.75
1841,1.0,0.0,0.0,0.0
1842,1.0,2906.98,2906.98,2906.98
1843,1.0,0.0,0.0,0.0
1844,1.0,4530.44,5255.31,5255.31
1845,1.0,4747.9,5507.56,5507.56
1846,1.0,7824.0,9075.84,9075.84
1847,1.0,0.0,0.0,1185.0
1848,1.0,0.0,0.0,353.0
1849,1.0,0.0,0.0,5378.95
1850,1.0,140.0,140.0,140.0
1851,1.0,0.0,0.0,0.0
1852,1.0,11760.56,13642.25,13642.25
1853,1.0,660.0,765.6,765.6
1854,1.0,2600.0,3016.0,3016.0
1855,1.0,0.0,0.0,0.0
1856,1.0,1129.5,1310.22,1310.22
1857,1.0,10000.0,11600.0,11600.0
1858,1.0,2398.0,2723.5,3027.0
1859,1.0,7830.0,9082.8,9082.8
1860,1.0,86.53,100.0,100.0
1861,1.0,67.24,78.0,78.0
1862,1.0,3405.17,3950.0,3950.0
1863,1.0,0.0,0.0,93.0
1864,1.0,259.6,300.0,300.0
1865,1.0,433.02,500.0,500.0
1866,1.0,312.87,362.93,362.93
1867,1.0,259.62,300.0,300.0
1868,1.0,163.06,189.15,189.15
1869,1.0,1357.6,1574.82,1574.82
1870,1.0,7056.72,8185.8,8185.8
1871,1.0,3528.36,4092.9,4092.9
1872,1.0,1540.0,1786.4,1786.4
1873,1.0,103.5,120.06,120.06
1874,1.0,0.0,0.0,0.0
1875,1.0,0.0,0.0,0.0
1876,1.0,294.25,341.33,341.33
1877,1.0,3300.0,3348.0,3348.0
1878,1.0,3300.0,3348.0,3348.0
1879,1.0,1824.18,2116.05,2116.05
1880,1.0,0.0,0.0,0.0
1881,1.0,0.0,0.0,0.0
1882,1.0,415.89,480.22,480.22
1883,1.0,200.0,232.0,232.0
1884,1.0,15.82,18.35,18.35
1885,1.0,3500.0,4060.0,4060.0
1886,1.0,840.0,974.4,974.4
1887,1.0,8424.0,9771.84,9771.84
1888,1.0,234.0,271.44,271.44
1889,1.0,0.0,0.0,0.0
1890,1.0,805.2,934.03,934.03
1891,1.0,39.6,45.94,45.94
1892,1.0,1284.0,1489.44,1489.44
1893,1.0,3327.75,3860.19,3860.19
1894,1.0,759.6,881.14,881.14
1895,1.0,1515.0,1757.4,1757.4
1896,1.0,1216.12,1410.7,1410.7
1897,1.0,1500.0,1740.0,1740.0
1898,1.0,174.0,201.84,201.84
1899,1.0,650.0,754.0,754.0
1900,1.0,286.06,331.83,331.83
1901,1.0,245.39,284.65,284.65
1902,1.0,1800.0,2088.0,2088.0
1903,1.0,5278.5,5307.06,5307.06
1904,1.0,4038.8,4685.0,4685.0
1905,1.0,1586.38,1840.2,1840.2
1906,1.0,540.0,626.4,626.4
1907,1.0,6382.42,7403.61,7403.61
1908,1.0,9900.0,11484.0,11484.0
1909,1.0,1269.09,1472.16,1472.16
1910,1.0,6073.07,6680.38,6680.38
1911,1.0,15671.03,17238.13,17238.13
1912,1.0,-1216.12,-1410.7,-1410.7
1913,1.0,2550.21,2942.44,2942.44
1914,1.0,200.01,232.01,232.01
1915,1.0,12937.68,14231.45,14231.45
1916,1.0,15000.0,17400.0,17400.0
1917,1.0,608.06,705.35,705.35
1918,1.0,-608.06,-705.35,-705.35
1919,1.0,0.0,0.0,0.0
1920,1.0,0.0,0.0,0.0
1921,1.0,478.47,555.03,555.03
1922,1.0,2398.0,2723.5,28600.0
1923,1.0,18.37,21.31,21.31
1924,1.0,3521.91,4085.42,4085.42
1925,1.0,0.0,0.0,0.0
1926,1.0,15.51,17.99,17.99
1927,1.0,144.0,144.0,144.0
1928,1.0,16700.0,16700.0,16700.0
1929,1.0,0.0,0.0,0.0
1930,1.0,490.0,568.4,568.4
1931,1.0,435.0,504.6,504.6
1932,1.0,11360.33,13177.99,13177.99
1933,1.0,5551.38,6439.6,6439.6
1934,1.0,5551.98,6440.3,6440.3
1935,1.0,2585.19,2837.0,1825.64
1936,1.0,-2585.19,-2837.0,-1825.64
1937,1.0,1250.0,1450.0,1450.0
1938,1.0,2255.0,2615.8,2615.8
1939,1.0,302.0,350.32,350.32
1940,1.0,210.0,243.6,243.6
1941,1.0,6000.0,6960.0,6960.0
1942,1.0,995.0,1154.2,1154.2
1943,1.0,0.0,0.0,0.0
1944,1.0,240.4,278.86,278.86
1945,1.0,515.73,598.25,598.25
1946,1.0,0.0,0.0,0.0
1947,1.0,898.7,1042.49,1042.49
1948,1.0,683.1,792.4,792.4
1949,1.0,630.0,730.8,730.8
1950,1.0,2400.0,2784.0,2784.0
1951,1.0,3197.7,3709.33,3709.33
1952,1.0,387.0,448.92,448.92
1953,1.0,0.0,0.0,0.0
1954,1.0,0.0,0.0,0.0
1955,1.0,490.0,568.4,568.4
1956,1.0,435.0,504.6,504.6
1957,1.0,0.0,0.0,0.0
1958,1.0,0.0,0.0,0.0
1959,1.0,0.0,0.0,0.0
1960,1.0,0.0,0.0,0.0
1961,1.0,0.0,0.0,0.0
1962,1.0,1033.62,1199.0,1199.0
1963,1.0,1291.38,1498.0,1498.0
1964,1.0,13369.2,13428.27,13428.27
1965,1.0,12240.0,14198.4,14198.4
1966,1.0,0.0,0.0,0.0
1967,1.0,259.6,300.0,300.0
1968,1.0,0.01,0.01,0.0
1969,1.0,0.01,0.01,0.0
1970,1.0,1439.2,1669.47,1669.47
1971,1.0,0.0,0.0,0.0
1972,1.0,3502.0,4062.32,4062.32
1973,1.0,160.0,185.6,185.6
1974,1.0,66.0,76.56,76.56
1975,1.0,473.28,549.01,549.01
1976,1.0,2206.41,2559.44,2559.44
1977,1.0,2072.21,2403.76,2403.76
1978,1.0,101.06,114.2,114.2
1979,1.0,5000.0,4766.5,4766.5
1980,1.0,500.0,580.0,580.0
1981,1.0,0.0,0.0,0.0
1982,1.0,160.94,186.69,186.69
1983,1.0,2472.99,2868.67,2868.67
1984,1.0,5335.0,6188.6,6188.6
1985,1.0,0.0,30.02,217.62
1986,1.0,6385.53,7024.08,7024.08
1987,1.0,2398.0,2723.5,3027.0
1988,1.0,17888.53,19677.38,19677.38
1989,1.0,2500.0,2900.0,2900.0
1990,1.0,395.0,458.2,458.2
1991,1.0,2058.33,2387.65,2387.65
1992,1.0,39.82,46.19,46.19
1993,1.0,270.0,313.2,313.2
1994,1.0,259.59,300.0,300.0
1995,1.0,880.0,1020.8,1020.8
1996,1.0,203.94,236.57,236.57
1997,1.0,14427.13,15869.84,15869.84
1998,1.0,0.0,0.0,0.0
1999,1.0,0.0,0.0,0.0
2000,1.0,0.0,0.0,0.0
2001,1.0,262.4,304.38,304.38
2002,1.0,182.0,211.12,211.12
2003,1.0,0.0,0.0,0.0
2004,1.0,43.1,50.0,50.0
2005,1.0,153.44,178.0,178.0
2006,1.0,3787.2,4393.15,4393.15
2007,1.0,379.32,440.01,440.01
2008,1.0,0.0,0.0,627.5
2009,1.0,52.47,60.87,60.87
2010,1.0,0.0,0.0,0.0
2011,1.0,0.0,0.0,0.0
2012,1.0,82.0,82.0,82.0
2013,1.0,0.0,0.0,0.0
2014,1.0,283.25,328.57,328.57
2015,1.0,1139.12,1321.38,1321.38
2016,1.0,5920.5,6867.78,6867.78
2017,1.0,180.0,180.0,180.0
2018,1.0,0.0,0.0,1569.3
2019,1.0,4461.79,5175.68,5175.68
2020,1.0,243.1,282.0,282.0
2021,1.0,430.5,499.38,499.38
2022,1.0,713.0,827.08,827.08
2023,1.0,0.0,0.0,0.0
2024,1.0,1300.0,1508.0,1508.0
2025,1.0,0.0,0.0,0.0
2026,1.0,544.83,632.0,632.0
2027,1.0,159.81,185.38,185.38
2028,1.0,1723.28,1999.0,1999.0
2029,1.0,0.0,0.0,0.0
2030,1.0,9200.0,10672.0,10672.0
2031,1.0,0.0,0.0,0.0
2032,1.0,827.59,960.0,960.0
2033,1.0,322.6,322.6,322.6
2034,1.0,0.0,0.0,0.0
2035,1.0,8620.69,10000.0,10000.0
2036,1.0,0.0,0.0,0.0
2037,1.0,2350.0,2726.0,2726.0
2038,1.0,19.76,22.92,22.92
2039,1.0,88.87,103.09,103.09
2040,1.0,292.5,339.3,339.3
2041,1.0,158.0,183.28,183.28
2042,1.0,1622.3,1881.87,1881.87
2043,1.0,4072.82,4724.48,4724.48
2044,1.0,0.0,0.0,499.0
2045,1.0,343.97,399.0,399.0
2046,1.0,2398.0,2723.5,3027.0
2047,1.0,79.12,91.78,91.78
2048,1.0,290.0,336.4,336.4
2049,1.0,6366.91,7003.61,7003.61
2050,1.0,5479.72,6291.53,6291.53
2051,1.0,17806.07,19586.68,19586.68
2052,1.0,980.0,1136.8,1136.8
2053,1.0,6235.0,7232.6,7232.6
2054,1.0,1688.01,1958.09,1958.09
2055,1.0,241.86,280.56,280.56
2056,1.0,5535.0,6420.6,6420.6
2057,1.0,14315.41,15746.96,15746.96
2058,1.0,980.72,1137.64,1137.64
2059,1.0,17620.0,20439.2,20439.2
2060,1.0,0.0,0.0,0.0
2061,1.0,0.0,0.0,0.0
2062,1.0,2000.0,2320.0,2320.0
2063,1.0,4310.34,5000.0,5000.0
2064,1.0,10804.85,10804.85,10804.85
2065,1.0,2398.0,2723.5,28600.0
2066,1.0,173.06,200.0,200.0
2067,1.0,153.23,177.75,177.75
2068,1.0,245.1,284.32,284.32
2069,1.0,7437.6,8627.62,8627.62
2070,1.0,0.0,0.0,2460.55
2071,1.0,216.0,216.0,216.0
2072,1.0,0.0,0.0,0.0
2073,1.0,2788.0,3234.08,3234.08
2074,1.0,0.0,0.0,0.0
2075,1.0,0.0,0.0,358.0
2076,1.0,258.63,300.01,300.01
2077,1.0,123.0,123.0,123.0
2078,1.0,0.0,0.0,0.0
2079,1.0,3503.25,4063.77,4063.77
2080,1.0,0.0,0.0,0.0
2081,1.0,1662.95,1929.02,1929.02
2082,1.0,9208.9,10682.32,10682.32
2083,1.0,0.0,0.0,0.0
2084,1.0,21.05,24.42,24.42
2085,1.0,900.0,1044.0,1044.0
2086,1.0,109.03,123.17,123.17
2087,1.0,352.0,408.32,408.32
2088,1.0,0.0,0.0,0.0
2089,1.0,3581.13,4154.11,4154.11
2090,1.0,797.58,925.19,925.19
2091,1.0,8250.0,9570.0,9570.0
2092,1.0,1600.0,1856.0,1856.0
2093,1.0,715.0,829.4,829.4
2094,1.0,389.39,450.0,450.0
2095,1.0,259.81,300.0,300.0
2096,1.0,618.0,716.88,716.88
2097,1.0,24.68,28.63,28.63
2098,1.0,4407.54,5112.76,5112.76
2099,1.0,8725.0,10121.0,10121.0
2100,1.0,3503.25,4063.77,4063.77
2101,1.0,5603.6,6500.18,6500.18
2102,1.0,0.0,0.0,0.0
2103,1.0,5901.8,6846.09,6846.09
2104,1.0,6992.72,7692.0,7692.0
2105,1.0,17806.07,19586.68,19586.68
2106,1.0,129.78,150.0,150.0
2107,1.0,1637.93,1900.0,1900.0
2108,1.0,0.0,0.0,0.0
2109,1.0,1776.17,2060.35,2060.35
2110,1.0,107.6,124.82,124.82
2111,1.0,8620.69,10000.0,10000.0
2112,1.0,15349.41,16884.36,16884.36
2113,1.0,0.0,0.0,0.0
2114,1.0,0.0,0.0,0.0
2115,1.0,15375.36,15375.36,15375.36
2116,1.0,0.0,0.0,0.0
2117,1.0,222.26,257.82,257.82
2118,1.0,343.96,398.99,398.99
2119,1.0,0.0,0.0,0.0
2120,1.0,0.0,0.0,2212.25
2121,1.0,0.0,0.0,459.2
2122,1.0,144.0,144.0,144.0
2123,1.0,2398.0,2723.5,3027.0
2124,1.0,1770.0,2053.2,2053.2
2125,1.0,605.72,700.0,700.0
2126,1.0,237.31,275.28,275.28
2127,1.0,13088.04,15182.13,15182.13
2128,1.0,0.0,0.0,0.0
2129,1.0,0.0,0.0,0.0
2130,1.0,2822.43,2822.43,2822.43
2131,1.0,0.0,0.0,0.0
2132,1.0,2402.0,2786.32,2786.32
2133,1.0,0.0,0.0,0.0
2134,1.0,20568.0,20658.88,20658.88
2135,1.0,259.6,300.0,300.0
2136,1.0,63.24,73.36,73.36
2137,1.0,1750.0,2030.0,2030.0
2138,1.0,43.26,50.0,50.0
2139,1.0,1204.96,1397.75,1397.75
2140,1.0,0.0,0.0,0.0
2141,1.0,4940.0,5730.4,5730.4
2142,1.0,4940.0,5730.4,5730.4
2143,1.0,696.5,807.94,807.94
2144,1.0,469.54,542.65,542.65
2145,1.0,36.96,42.87,42.87
2146,1.0,2098.08,2433.78,2433.78
2147,1.0,3250.0,3770.0,3770.0
2148,1.0,129.31,150.0,150.0
2149,1.0,6499.71,7149.68,7149.68
2150,1.0,153.45,178.0,178.0
2151,1.0,17806.07,19586.68,19586.68
2152,1.0,600.0,696.0,696.0
2153,1.0,138.38,160.52,160.52
2154,1.0,0.0,0.0,128.0
2155,1.0,1262.54,1464.54,1464.54
2156,1.0,720.79,836.12,836.12
2157,1.0,5278.5,5307.06,5307.06
2158,1.0,10380.82,12041.76,12041.76
2159,1.0,21072.34,23179.57,23179.57
2160,1.0,803.0,931.48,931.48
2161,1.0,7528.8,8733.41,8733.41
2162,1.0,0.0,0.0,0.0
2163,1.0,0.0,0.0,0.0
2164,1.0,1528.84,1773.46,1773.46
2165,1.0,2500.0,2900.0,2900.0
2166,1.0,315.95,366.5,366.5
2167,1.0,3112.0,3609.92,3609.92
2168,1.0,11284.22,11284.22,11284.22
2169,1.0,300.0,348.0,348.0
2170,1.0,432.66,500.0,500.0
2171,1.0,333.71,387.1,387.1
2172,1.0,139.31,161.6,161.6
2173,1.0,1222.54,1418.15,1418.15
2174,1.0,262.0,303.92,303.92
2175,1.0,4319.1,4751.01,4751.01
2176,1.0,113.02,131.1,131.1
2177,1.0,231.0,267.96,267.96
2178,1.0,144.0,144.0,144.0
2179,1.0,18385.13,21326.76,21326.76
2180,1.0,5000.0,5800.0,5800.0
2181,1.0,0.0,0.0,777.0
2182,1.0,3976.93,4613.24,4613.24
2183,1.0,2426.58,2814.83,2814.83
2184,1.0,670.8,778.13,778.13
2185,1.0,2524.7,2928.66,2928.66
2186,1.0,0.0,0.0,0.0
2187,1.0,3251.25,3771.45,3771.45
2188,1.0,0.0,0.0,0.0
2189,1.0,2456.9,2850.0,2850.0
2190,1.0,15000.0,17400.0,17400.0
2191,1.0,1980.0,2296.8,2296.8
2192,1.0,0.0,0.0,0.0
2193,1.0,0.0,0.0,0.0
2194,1.0,2398.0,2723.5,28600.0
2195,1.0,0.0,0.0,0.0
2196,1.0,46.3,53.71,53.71
2197,1.0,490.0,568.4,568.4
2198,1.0,0.0,0.0,0.0
2199,1.0,4817.24,5588.0,5588.0
2200,1.0,0.0,0.0,2532.8
2201,1.0,0.0,0.0,1725.8
2202,1.0,0.0,0.0,2657.85
2203,1.0,496.11,575.49,575.49
2204,1.0,168.03,194.91,194.91
2205,1.0,555.0,643.8,643.8
2206,1.0,1950.0,2262.0,2262.0
2207,1.0,1300.0,1508.0,1508.0
2208,1.0,111.6,129.46,129.46
2209,1.0,669.6,776.74,776.74
2210,1.0,0.0,0.0,358.5
2211,1.0,50.27,58.32,58.32
2212,1.0,110.0,127.6,127.6
2213,1.0,5600.0,6496.0,6496.0
2214,1.0,1249.52,1449.44,1449.44
2215,1.0,2160.0,2505.6,2505.6
2216,1.0,5551.38,6439.6,6439.6
2217,1.0,5551.98,6440.3,6440.3
2218,1.0,592.57,687.38,687.38
2219,1.0,0.0,0.0,525.75
2220,1.0,0.0,0.0,1165.1
2221,1.0,0.0,0.0,319.95
2222,1.0,0.0,0.0,0.0
2223,1.0,4664.0,5410.24,5410.24
2224,1.0,0.0,0.0,0.0
2225,1.0,82.76,96.0,96.0
2226,1.0,543.2,630.11,630.11
2227,1.0,2520.0,2923.2,2923.2
2228,1.0,300.0,348.0,348.0
2229,1.0,1275.0,1479.0,1479.0
2230,1.0,850.0,986.0,986.0
2231,1.0,0.0,0.0,170.0
2232,1.0,149.1,172.96,172.96
2233,1.0,8700.0,10092.0,10092.0
2234,1.0,0.0,0.0,0.0
2235,1.0,0.0,0.0,0.0
2236,1.0,6949.5,7644.45,7644.45
2237,1.0,14137.01,15550.71,15550.71
2238,1.0,7350.0,8526.0,8526.0
2239,1.0,0.0,0.0,0.0
2240,1.0,5602.59,6499.0,6499.0
2241,1.0,-669.6,-776.74,-776.74
2242,1.0,-111.6,-129.46,-129.46
2243,1.0,179.55,208.28,208.28
2244,1.0,0.0,0.0,0.0
2245,1.0,1712.89,1986.95,1986.95
2246,1.0,182.26,211.42,211.42
2247,1.0,45.69,53.0,53.0
2248,1.0,208.05,241.33,241.33
2249,1.0,594.0,689.04,689.04
2250,1.0,473.28,549.01,549.01
2251,1.0,2208.54,2561.91,2561.91
2252,1.0,18870.85,20757.94,20757.94
2253,1.0,7840.8,9095.33,9095.33
2254,1.0,23267.08,26989.81,26989.81
2255,1.0,0.0,0.0,0.0
2256,1.0,3234.0,3751.44,3751.44
2257,1.0,300.0,348.0,348.0
2258,1.0,0.01,0.01,0.0
2259,1.0,0.01,0.01,0.0
2260,1.0,2637.9,3059.96,3059.96
2261,1.0,2850.0,3306.0,3306.0
2262,1.0,366.4,425.02,425.02
2263,1.0,0.0,0.0,0.0
2264,1.0,215.52,250.0,250.0
2265,1.0,301.72,350.0,350.0
2266,1.0,1034.48,1200.0,1200.0
2267,1.0,355.04,411.85,411.85
2268,1.0,394.81,457.98,457.98
2269,1.0,8430.0,9778.8,9778.8
2270,1.0,6123.88,7103.7,7103.7
2271,1.0,144.0,144.0,144.0
2272,1.0,5000.0,4766.66,4766.66
2273,1.0,3855.0,4471.8,4471.8
2274,1.0,79.62,92.36,92.36
2275,1.0,15.19,17.62,17.62
2276,1.0,955.0,1107.8,1107.8
2277,1.0,83.16,96.46,96.46
2278,1.0,640.0,742.4,742.4
2279,1.0,0.0,0.0,0.0
2280,1.0,5720.0,6635.2,6635.2
2281,1.0,332.0,385.12,385.12
2282,1.0,1207.46,1400.65,1400.65
2283,1.0,390.0,452.4,452.4
2284,1.0,4449.6,5161.54,5161.54
2285,1.0,1658.9,1924.32,1924.32
2286,1.0,648.97,750.04,750.04
2287,1.0,15391.0,17853.56,17853.56
2288,1.0,3577.59,4150.0,4150.0
2289,1.0,9060.0,10509.6,10509.6
2290,1.0,0.01,0.01,0.0
2291,1.0,480.0,556.8,556.8
2292,1.0,865.28,1000.0,1000.0
2293,1.0,173.06,200.0,200.0
2294,1.0,185.76,215.48,215.48
2295,1.0,2700.0,3132.0,3132.0
2296,1.0,18.97,22.0,22.0
2297,1.0,263.22,305.34,305.34
2298,1.0,3300.0,3828.0,3828.0
2299,1.0,0.0,0.0,0.0
2300,1.0,343.23,398.15,398.15
2301,1.0,1722.93,1998.6,1998.6
2302,1.0,93.4,108.34,108.34
2303,1.0,10489.51,10000.0,10000.0
2304,1.0,120.67,139.97,139.97
2305,1.0,2865.0,3323.4,3323.4
2306,1.0,362.62,420.63,420.63
2307,1.0,857.05,994.18,994.18
2308,1.0,5754.57,6675.3,6675.3
2309,1.0,126.72,147.0,147.0
2310,1.0,489.2,567.47,567.47
2311,1.0,8720.48,9592.53,9592.53
2312,1.0,0.0,0.0,214.9
2313,1.0,0.0,0.0,2146.5
2314,1.0,15285.12,16813.63,16813.63
2315,1.0,146.26,169.66,169.66
2316,1.0,1982.76,2300.0,2300.0
2317,1.0,6660.0,6349.2,6349.2
2318,1.0,0.0,0.0,0.0
2319,1.0,0.0,0.0,0.0
2320,1.0,138.13,160.23,160.23
2321,1.0,2699.83,3131.8,3131.8
2322,1.0,391.98,454.7,454.7
2323,1.0,20116.82,22128.5,22128.5
2324,1.0,7437.6,8627.62,8627.62
2325,1.0,371.29,430.69,430.69
2326,1.0,4885.98,5609.82,5609.82
2327,1.0,1651.91,1916.22,1916.22
2328,1.0,0.0,0.0,0.0
2329,1.0,0.0,0.0,0.0
2330,1.0,20.95,24.3,24.3
2331,1.0,3600.0,4176.0,4176.0
2332,1.0,315.0,365.4,365.4
2333,1.0,180.0,180.0,180.0
2334,1.0,0.0,0.0,1574.55
2335,1.0,0.0,0.0,0.0
2336,1.0,5899.0,6842.84,6842.84
2337,1.0,3686.0,4275.76,4275.76
2338,1.0,2275.0,2639.0,2639.0
2339,1.0,80.25,93.09,93.09
2340,1.0,3614.4,4192.7,4192.7
2341,1.0,144.0,167.04,167.04
2342,1.0,343.97,399.0,399.0
2343,1.0,2000.0,2320.0,2320.0
2344,1.0,1655.17,1920.0,1920.0
2345,1.0,0.0,0.0,0.0
2346,1.0,0.0,0.0,0.0
2347,1.0,2398.0,26693.32,26693.32
2348,1.0,6000.0,6960.0,6960.0
2349,1.0,2209.99,2563.59,2563.59
2350,1.0,178.57,200.0,200.0
2351,1.0,66.96,77.67,77.67
2352,1.0,376.4,436.62,436.62
2353,1.0,266.44,309.07,309.07
2354,1.0,0.0,0.0,0.0
2355,1.0,198.0,229.68,229.68
2356,1.0,1350.0,1566.0,1566.0
2357,1.0,25.69,29.8,29.8
2358,1.0,297.41,345.0,345.0
2359,1.0,2398.0,2723.5,3027.0
2360,1.0,168.73,195.0,195.0
2361,1.0,900.0,1044.0,1044.0
2362,1.0,0.0,0.0,303.0
2363,1.0,0.0,0.0,72.0
2364,1.0,3.52,4.08,4.08
2365,1.0,885.0,1026.6,1026.6
2366,1.0,0.0,0.0,0.0
2367,1.0,0.0,0.0,0.0
2368,1.0,1606.0,1862.96,1862.96
2369,1.0,3286.8,3812.69,3812.69
2370,1.0,560.0,649.6,649.6
2371,1.0,63.67,73.86,73.86
2372,1.0,9113.94,10025.33,10025.33
2373,1.0,4200.0,4872.0,4872.0
2374,1.0,15457.01,17002.71,17002.71
2375,1.0,0.0,0.0,0.0
2376,1.0,0.0,0.0,318.0
2377,1.0,1820.95,2112.3,2112.3
2378,1.0,62.27,72.23,72.23
2379,1.0,815.02,945.42,945.42
2380,1.0,343.06,397.95,397.95
2381,1.0,20858.37,22944.21,22944.21
2382,1.0,9222.29,10697.86,10697.86
2383,1.0,2715.0,3149.4,3149.4
2384,1.0,3000.0,3480.0,3480.0
2385,1.0,3251.25,3771.45,3771.45
2386,1.0,0.0,0.0,0.0
2387,1.0,28.82,33.43,33.43
2388,1.0,22259.63,22259.63,22259.63
2389,1.0,144.0,144.0,144.0
2390,1.0,24.7,28.65,28.65
2391,1.0,140.0,162.4,162.4
2392,1.0,160.0,185.6,185.6
2393,1.0,44.88,52.06,52.06
2394,1.0,21.04,24.41,24.41
2395,1.0,4080.0,4732.8,4732.8
2396,1.0,1770.0,2053.2,2053.2
2397,1.0,6738.62,7816.8,7816.8
2398,1.0,81.84,94.94,94.94
2399,1.0,3603.75,4180.35,4180.35
2400,1.0,5067.42,5878.21,5878.21
2401,1.0,652.41,754.02,754.02
2402,1.0,20522.31,20522.31,20522.31
2403,1.0,500.0,580.0,580.0
2404,1.0,3180.0,3688.8,3688.8
2405,1.0,1068.0,1238.88,1238.88
2406,1.0,621.58,721.03,721.03
2407,1.0,250.0,250.0,250.0
2408,1.0,3128.0,3628.48,3628.48
2409,1.0,0.0,0.0,2334.45
2410,1.0,0.0,0.0,2211.25
2411,1.0,0.0,0.0,0.0
2412,1.0,0.0,0.0,0.0
2413,1.0,2250.0,2610.0,2610.0
2414,1.0,3660.0,4245.6,4245.6
2415,1.0,232.66,269.88,269.88
2416,1.0,193.71,224.7,224.7
2417,1.0,343.96,398.99,398.99
2418,1.0,350.0,406.0,406.0
2419,1.0,2640.0,3062.4,3062.4
2420,1.0,187.2,217.15,217.15
2421,1.0,0.0,0.0,0.0
2422,1.0,1360.78,1578.5,1578.5
2423,1.0,395.83,459.17,459.17
2424,1.0,3250.0,3770.0,3770.0
2425,1.0,7003.39,7703.73,7703.73
2426,1.0,134.57,156.1,156.1
2427,1.0,3400.0,3944.0,3944.0
2428,1.0,0.0,0.0,0.0
2429,1.0,14624.0,16086.4,16086.4
2430,1.0,9400.0,10904.0,10904.0
2431,1.0,1428.0,1656.48,1656.48
2432,1.0,1775.67,2059.77,2059.77
2433,1.0,1367.29,1586.05,1586.05
2434,1.0,20858.37,22944.21,22944.21
2435,1.0,1606.0,1862.96,1862.96
2436,1.0,944.8,1095.97,1095.97
2437,1.0,0.0,0.0,0.0
2438,1.0,2670.87,2670.87,2670.87
2439,1.0,0.0,0.0,0.0
2440,1.0,2398.0,2723.5,3027.0
2441,1.0,2361.0,2738.76,2738.76
2442,1.0,6660.0,6349.2,6349.2
2443,1.0,144.0,144.0,144.0
2444,1.0,970.0,1125.2,1125.2
2445,1.0,27.89,32.35,32.35
2446,1.0,53.9,62.53,62.53
2447,1.0,496.0,575.36,575.36
2448,1.0,1784.07,1962.48,1962.48
2449,1.0,0.0,0.0,1390.9
2450,1.0,0.0,0.0,0.0
2451,1.0,0.0,0.0,0.0
2452,1.0,0.0,0.0,0.0
2453,1.0,1440.0,1670.4,1670.4
2454,1.0,452.4,524.78,524.78
2455,1.0,10363.93,12022.16,12022.16
2456,1.0,4323.6,5015.38,5015.38
2457,1.0,0.0,0.0,0.0
2458,1.0,0.0,0.0,265.0
2459,1.0,71.9,83.4,83.4
2460,1.0,560.0,649.6,649.6
2461,1.0,420.0,487.2,487.2
2462,1.0,9900.0,11484.0,11484.0
2463,1.0,0.0,0.0,0.0
2464,1.0,3528.86,4093.48,4093.48
2465,1.0,264.6,306.94,306.94
2466,1.0,1617.72,1876.56,1876.56
2467,1.0,453.0,525.48,525.48
2468,1.0,10300.0,10348.0,10348.0
2469,1.0,3299.5,3827.42,3827.42
2470,1.0,2560.71,2970.44,2970.44
2471,1.0,-4113.83,-4772.03,-4772.03
2472,1.0,2100.0,2436.0,2436.0
2473,1.0,16170.0,18757.2,18757.2
2474,1.0,5390.0,6252.4,6252.4
2475,1.0,189.02,219.26,219.26
2476,1.0,4086.0,4739.76,4739.76
2477,1.0,1336.21,1550.0,1550.0
2478,1.0,2937.0,3406.92,3406.92
2479,1.0,106.37,120.18,120.18
2480,1.0,1955.0,2267.8,2267.8
2481,1.0,0.0,0.0,0.0
2482,1.0,1522.0,1765.52,1765.52
2483,1.0,15000.0,17400.0,17400.0
2484,1.0,0.85,0.99,0.99
2485,1.0,2398.0,2723.5,28600.0
2486,1.0,173.57,201.34,201.34
2487,1.0,523.95,607.78,607.78
2488,1.0,4792.05,4817.97,4817.97
2489,1.0,0.0,0.0,0.0
2490,1.0,0.0,0.0,0.0
2491,1.0,0.01,0.01,0.0
2492,1.0,18079.2,18079.2,18079.2
2493,1.0,11575.0,13427.0,13427.0
2494,1.0,144.83,168.0,168.0
2495,1.0,5551.38,6439.6,6439.6
2496,1.0,5551.98,6440.3,6440.3
2497,1.0,6091.86,6701.05,6701.05
2498,1.0,103.94,120.57,120.57
2499,1.0,13901.5,15291.65,15291.65
2500,1.0,2250.0,2610.0,2610.0
2501,1.0,1500.0,1740.0,1740.0
2502,1.0,257.76,299.0,299.0
2503,1.0,243.3,282.23,282.23
2504,1.0,3012.98,3487.04,3487.04
2505,1.0,270.11,313.33,313.33
2506,1.0,18401.53,20241.68,20241.68
2507,1.0,5950.08,6902.09,6902.09
2508,1.0,490.0,568.4,568.4
2509,1.0,5038.89,5845.11,5845.11
2510,1.0,0.0,0.0,2955.75
2511,1.0,144.0,144.0,144.0
2512,1.0,1500.0,1740.0,1740.0
2513,1.0,121.92,141.43,141.43
2514,1.0,250.0,290.0,290.0
2515,1.0,195.72,227.04,227.04
2516,1.0,0.0,0.0,0.0
2517,1.0,0.0,0.0,0.0
2518,1.0,2178.0,2526.48,2526.48
2519,1.0,8361.39,9699.22,9699.22
2520,1.0,0.0,0.0,0.0
2521,1.0,637.26,736.49,736.49
2522,1.0,0.0,0.0,0.0
2523,1.0,0.0,0.0,0.0
2524,1.0,0.0,0.0,0.0
2525,1.0,0.0,0.0,0.0
2526,1.0,0.0,0.0,0.0
2527,1.0,2908.99,3374.43,3374.43
2528,1.0,0.0,0.0,0.0
2529,1.0,0.0,0.0,0.0
2530,1.0,0.0,0.0,0.0
2531,1.0,884.85,1026.43,1026.43
2532,1.0,5000.0,4766.66,4766.66
2533,1.0,151.98,176.3,176.3
2534,1.0,920.0,1067.2,1067.2
2535,1.0,473.28,549.01,549.01
2536,1.0,2180.27,2529.11,2529.11
2537,1.0,0.0,0.0,0.0
2538,1.0,250.0,290.0,290.0
2539,1.0,343.97,399.0,399.0
2540,1.0,2890.0,3352.4,3352.4
2541,1.0,380.0,440.8,440.8
2542,1.0,16170.0,18757.2,18757.2
2543,1.0,37.93,44.0,44.0
2544,1.0,320.0,371.2,371.2
2545,1.0,80.13,92.95,92.95
2546,1.0,1176.43,1364.66,1364.66
2547,1.0,55.94,64.89,64.89
2548,1.0,4139.22,4801.5,4801.5
2549,1.0,184.0,213.44,213.44
2550,1.0,1207.46,1400.65,1400.65
2551,1.0,865.34,1000.0,1000.0
2552,1.0,6770.07,7447.08,7447.08
2553,1.0,1449.8,1681.77,1681.77
2554,1.0,14500.35,15950.39,15950.39
2555,1.0,2400.0,2784.0,2784.0
2556,1.0,142.26,165.02,165.02
2557,1.0,4230.0,4906.8,4906.8
2558,1.0,65.22,75.43,75.43
2559,1.0,1673.43,1941.18,1941.18
2560,1.0,592.65,687.47,687.47
2561,1.0,-2937.0,-3406.92,-3406.92
2562,1.0,2937.0,3406.92,3406.92
2563,1.0,320.0,371.2,371.2
2564,1.0,20879.8,22967.78,22967.78
2565,1.0,114.89,130.13,130.13
2566,1.0,698.0,809.68,809.68
2567,1.0,262.0,303.92,303.92
2568,1.0,5934.76,6884.32,6884.32
2569,1.0,622.0,721.52,721.52
2570,1.0,0.0,0.0,0.0
2571,1.0,0.0,0.0,0.0
2572,1.0,63.67,73.86,73.86
2573,1.0,6660.0,6349.2,6349.2
2574,1.0,144.0,144.0,144.0
2575,1.0,250.0,290.0,290.0
2576,1.0,4650.0,5394.0,5394.0
2577,1.0,510.0,591.6,591.6
2578,1.0,318.1,369.0,369.0
2579,1.0,53.75,62.35,62.35
2580,1.0,2400.0,2784.0,2784.0
2581,1.0,500.0,580.0,580.0
2582,1.0,1192.1,1382.84,1382.84
2583,1.0,7760.0,9001.6,9001.6
2584,1.0,19249.72,22329.68,22329.68
2585,1.0,0.0,0.0,8132.8
2586,1.0,0.0,0.0,69.95
2587,1.0,600.0,696.0,696.0
2588,1.0,0.0,0.0,0.0
2589,1.0,1166.02,1352.58,1352.58
2590,1.0,2398.0,2723.5,3027.0
2591,1.0,225.25,261.29,261.29
2592,1.0,0.0,0.0,0.0
2593,1.0,0.0,0.0,0.0
2594,1.0,16170.0,18757.2,18757.2
2595,1.0,104.78,121.55,121.55
2596,1.0,78.31,90.84,90.84
2597,1.0,280.84,325.77,325.77
2598,1.0,756.4,877.42,877.42
2599,1.0,0.0,0.0,0.0
2600,1.0,1843.0,2137.88,2137.88
2601,1.0,7840.0,9094.4,9094.4
2602,1.0,1200.0,1392.0,1392.0
2603,1.0,0.0,0.0,0.0
2604,1.0,3435.58,3985.27,3985.27
2605,1.0,368.86,427.88,427.88
2606,1.0,480.49,555.28,555.28
2607,1.0,2800.0,3248.0,3248.0
2608,1.0,333.38,386.72,386.72
2609,1.0,0.0,0.0,0.0
2610,1.0,1947.0,2258.52,2258.52
2611,1.0,7840.8,9095.33,9095.33
2612,1.0,2000.0,2320.0,2320.0
2613,1.0,42.34,49.11,49.11
2614,1.0,360.0,417.6,417.6
2615,1.0,555.0,643.8,643.8
2616,1.0,4500.0,5220.0,5220.0
2617,1.0,31.53,36.57,36.57
2618,1.0,160.45,186.12,186.12
2619,1.0,251.2,291.39,291.39
2620,1.0,0.0,0.0,0.0
2621,1.0,0.0,0.0,0.0
2622,1.0,0.0,0.0,0.0
2623,1.0,0.0,0.0,0.0
2624,1.0,0.0,0.0,0.0
2625,1.0,8797.48,9677.23,9677.23
2626,1.0,89.49,103.81,103.81
2627,1.0,12340.8,12395.33,12395.33
2628,1.0,15285.1,16813.61,16813.61
2629,1.0,2400.0,2784.0,2784.0
2630,1.0,0.0,0.0,0.0
2631,1.0,12609.0,14626.44,14626.44
2632,1.0,2398.0,2723.5,28600.0
2633,1.0,2905.14,3349.47,3349.47
2634,1.0,115.06,133.47,133.47
2635,1.0,21286.37,23415.01,23415.01
2636,1.0,3847.05,4462.58,4462.58
2637,1.0,0.0,0.0,0.0
2638,1.0,96.72,112.2,112.2
2639,1.0,0.0,0.0,0.0
2640,1.0,353.47,410.03,410.03
2641,1.0,8919.4,10346.5,10346.5
2642,1.0,73.97,85.81,85.81
2643,1.0,10260.77,11902.49,11902.49
2644,1.0,4313.41,5003.56,5003.56
2645,1.0,10811.97,12541.89,12541.89
2646,1.0,3250.0,3770.0,3770.0
2647,1.0,5323.26,6174.98,6174.98
2648,1.0,0.0,0.0,0.0
2649,1.0,2398.0,2723.5,30329.51
2650,1.0,6500.0,7540.0,7540.0
2651,1.0,395.93,459.28,459.28
2652,1.0,0.0,0.0,0.0
2653,1.0,0.0,0.0,0.0
2654,1.0,775.0,899.0,899.0
2655,1.0,519.0,602.04,602.04
2656,1.0,0.0,0.0,0.0
2657,1.0,206.9,240.0,240.0
2658,1.0,990.0,1148.4,1148.4
2659,1.0,0.0,0.0,0.0
2660,1.0,0.0,0.0,0.0
2661,1.0,108.0,108.0,108.0
2662,1.0,593.22,688.14,688.14
2663,1.0,206.9,240.0,240.0
2664,1.0,0.0,0.0,0.0
2665,1.0,0.0,0.0,0.0
2666,1.0,181.03,210.0,210.0
2667,1.0,230.17,267.0,267.0
2668,1.0,1602.0,1602.0,1602.0
2669,1.0,0.0,0.0,0.0
2670,1.0,525.0,609.0,609.0
2671,1.0,1950.0,2262.0,2262.0
2672,1.0,204.32,237.0,237.0
2673,1.0,289.65,335.99,335.99
2674,1.0,978.45,1135.0,1135.0
2675,1.0,8797.0,10204.52,10204.52
2676,1.0,372.0,431.52,431.52
2677,1.0,10063.93,11070.32,11070.32
2678,1.0,15285.1,16813.61,16813.61
2679,1.0,9836.66,9836.66,9836.66
2680,1.0,0.0,0.0,0.0
2681,1.0,0.0,0.0,0.0
2682,1.0,550.0,638.0,638.0
2683,1.0,153.0,177.48,177.48
2684,1.0,780.0,904.8,904.8
2685,1.0,1687.27,1957.24,1957.24
2686,1.0,8840.0,10254.4,10254.4
2687,1.0,-1034.48,-1200.0,-1200.0
2688,1.0,360.35,418.01,418.01
2689,1.0,91.83,106.52,106.52
2690,1.0,815.02,945.42,945.42
2691,1.0,2427.45,2815.84,2815.84
2692,1.0,10500.0,12180.0,12180.0
2693,1.0,1530.0,1774.8,1774.8
2694,1.0,343.96,398.99,398.99
2695,1.0,20544.82,22599.3,22599.3
2696,1.0,2368.98,2748.02,2748.02
2697,1.0,11454.73,13287.49,13287.49
2698,1.0,328.0,380.48,380.48
2699,1.0,0.0,0.0,1723.65
2700,1.0,0.0,0.0,2089.9
2701,1.0,6660.0,6349.2,6349.2
2702,1.0,7013.66,8135.85,8135.85
2703,1.0,307.8,357.05,357.05
2704,1.0,71.74,83.22,83.22
2705,1.0,10000.0,11600.0,11600.0
2706,1.0,500.0,580.0,580.0
2707,1.0,3405.18,3950.01,3950.01
2708,1.0,0.0,0.0,0.0
2709,1.0,102.6,119.02,119.02
2710,1.0,0.0,0.0,0.0
2711,1.0,3960.0,4593.6,4593.6
2712,1.0,0.0,0.0,0.0
2713,1.0,0.0,0.0,0.0
2714,1.0,1192.5,1383.3,1383.3
2715,1.0,0.0,0.0,0.0
2716,1.0,0.0,0.0,0.0
2717,1.0,7500.0,8700.0,8700.0
2718,1.0,0.0,0.0,0.0
2719,1.0,13475.0,15631.0,15631.0
2720,1.0,177.68,206.1,206.1
2721,1.0,564.0,654.24,654.24
2722,1.0,9600.0,11136.0,11136.0
2723,1.0,1436.86,1666.75,1666.75
2724,1.0,7760.0,9001.6,9001.6
2725,1.0,4341.8,5036.49,5036.49
2726,1.0,602.25,698.61,698.61
2727,1.0,1955.0,2267.8,2267.8
2728,1.0,2547.1,2954.64,2954.64
2729,1.0,56.47,65.51,65.51
2730,1.0,2472.09,2472.09,2472.09
2731,1.0,79.32,92.01,92.01
2732,1.0,2398.0,2723.5,3027.0
2733,1.0,0.0,0.0,0.0
2734,1.0,1176.73,1365.01,1365.01
2735,1.0,327.59,380.0,380.0
2736,1.0,3200.0,3712.0,3712.0
2737,1.0,180.0,208.8,208.8
2738,1.0,0.0,0.0,0.0
2739,1.0,49.2,57.07,57.07
2740,1.0,1025.86,1190.0,1190.0
2741,1.0,0.0,0.0,0.0
2742,1.0,0.0,0.0,0.0
2743,1.0,1227.1,1423.44,1423.44
2744,1.0,1373.0,1592.68,1592.68
2745,1.0,288.93,335.16,335.16
2746,1.0,0.0,0.0,0.0
2747,1.0,928.5,1077.06,1077.06
2748,1.0,1130.0,1310.8,1310.8
2749,1.0,109.15,126.61,126.61
2750,1.0,4000.0,4640.0,4640.0
2751,1.0,4000.0,4640.0,4640.0
2752,1.0,1900.0,2204.0,2204.0
2753,1.0,44.0,51.04,51.04
2754,1.0,0.0,0.0,0.0
2755,1.0,0.0,0.0,0.0
2756,1.0,0.0,0.0,0.0
2757,1.0,710.0,823.6,823.6
2758,1.0,0.0,0.0,0.0
2759,1.0,0.0,0.0,0.0
2760,1.0,0.0,0.0,0.0
2761,1.0,10542.48,12229.28,12229.28
2762,1.0,11098.45,12208.29,12208.29
2763,1.0,0.0,0.0,1451.05
2764,1.0,1112.07,1290.0,1290.0
2765,1.0,14366.62,15803.28,15803.28
2766,1.0,0.0,0.0,0.0
2767,1.0,15000.0,17400.0,17400.0
2768,1.0,2755.46,3196.35,3196.35
2769,1.0,0.0,0.0,0.0
2770,1.0,84.07,97.52,97.52
2771,1.0,290.0,290.0,290.0
2772,1.0,1733.1,2010.41,2010.41
2773,1.0,2780.0,3224.8,3224.8
2774,1.0,-301.72,-350.0,-350.0
2775,1.0,4670.43,4695.69,4695.69
2776,1.0,205.6,238.5,238.5
2777,1.0,19492.02,21441.22,21441.22
2778,1.0,0.0,0.0,0.0
2779,1.0,0.0,0.0,0.0
2780,1.0,0.0,0.0,0.0
2781,1.0,0.0,0.0,0.0
2782,1.0,0.0,0.0,199.0
2783,1.0,20568.0,20658.88,20658.88
2784,1.0,0.0,0.0,0.0
2785,1.0,0.0,0.0,0.0
2786,1.0,0.0,0.0,0.0
2787,1.0,179.27,207.95,207.95
2788,1.0,2398.0,26693.32,26693.32
2789,1.0,179.55,208.28,208.28
2790,1.0,5200.0,6032.0,6032.0
2791,1.0,241.86,280.56,280.56
2792,1.0,144.7,167.85,167.85
2793,1.0,0.0,0.0,0.0
2794,1.0,0.0,0.0,0.0
2795,1.0,165.52,192.0,192.0
2796,1.0,7894.0,9157.04,9157.04
2797,1.0,108.0,108.0,108.0
2798,1.0,0.0,0.0,0.0
2799,1.0,0.0,0.0,0.0
2800,1.0,0.0,0.0,0.0
2801,1.0,15957.12,18510.26,18510.26
2802,1.0,490.0,568.4,568.4
2803,1.0,315.0,365.4,365.4
2804,1.0,5551.38,6439.6,6439.6
2805,1.0,5551.98,6440.3,6440.3
2806,1.0,0.0,0.0,0.0
2807,1.0,0.0,0.0,0.0
2808,1.0,0.0,0.0,0.0
2809,1.0,0.0,0.0,0.0
2810,1.0,85.78,99.5,99.5
2811,1.0,15016.96,15617.64,15617.64
2812,1.0,259.3,300.79,300.79
2813,1.0,181.8,210.89,210.89
2814,1.0,0.0,0.0,97.8
2815,1.0,473.28,549.01,549.01
2816,1.0,2182.49,2531.69,2531.69
2817,1.0,674.0,781.84,781.84
2818,1.0,4306.02,4994.98,4994.98
2819,1.0,360.0,417.6,417.6
2820,1.0,702.0,814.32,814.32
2821,1.0,0.0,0.0,0.0
2822,1.0,0.0,0.0,0.0
2823,1.0,2288.0,2654.08,2654.08
2824,1.0,0.0,0.0,0.0
2825,1.0,0.0,0.0,0.0
2826,1.0,0.0,0.0,0.0
2827,1.0,56.86,65.96,65.96
2828,1.0,103.22,119.73,119.73
2829,1.0,405.16,469.99,469.99
2830,1.0,160.0,185.6,185.6
2831,1.0,0.0,0.0,0.0
2832,1.0,120.75,136.73,136.73
2833,1.0,94.83,110.0,110.0
2834,1.0,0.0,0.0,0.0
2835,1.0,11764.07,12940.48,12940.48
2836,1.0,444.69,515.84,515.84
2837,1.0,142.5,165.3,165.3
2838,1.0,0.0,0.0,1537.1
2839,1.0,0.0,0.0,3616.6
2840,1.0,0.0,0.0,126.75
2841,1.0,343.97,399.0,399.0
2842,1.0,0.0,0.0,0.0
2843,1.0,15417.75,16959.52,16959.52
2844,1.0,2000.0,2320.0,2320.0
2845,1.0,5000.0,4766.66,4766.66
2846,1.0,0.0,0.0,0.0
2847,1.0,5700.0,6612.0,6612.0
2848,1.0,591.68,683.66,683.66
2849,1.0,1511.85,1737.72,1737.72
2850,1.0,103.92,120.55,120.55
2851,1.0,2200.0,2552.0,2552.0
2852,1.0,690.0,800.4,800.4
2853,1.0,394.82,457.99,457.99
2854,1.0,9600.0,11136.0,11136.0
2855,1.0,21286.37,23415.01,23415.01
2856,1.0,1537.92,1783.99,1783.99
2857,1.0,1586.21,1840.0,1840.0
2858,1.0,338.0,392.08,392.08
2859,1.0,384.5,446.02,446.02
2860,1.0,145.5,168.78,168.78
2861,1.0,2800.0,2800.0,2800.0
2862,1.0,279.1,323.76,323.76
2863,1.0,726.42,842.65,842.65
2864,1.0,116.15,134.73,134.73
2865,1.0,1207.46,1400.65,1400.65
2866,1.0,1210.4,1404.06,1404.06
2867,1.0,0.0,0.0,1009.2
2868,1.0,0.0,0.0,2411.8
2869,1.0,0.0,0.0,-229.0
2870,1.0,0.0,0.0,0.0
2871,1.0,2560.0,2969.6,2969.6
2872,1.0,0.0,0.0,0.0
2873,1.0,0.0,0.0,0.0
2874,1.0,865.57,1000.0,1000.0
2875,1.0,4449.6,5161.54,5161.54
2876,1.0,6660.0,6349.2,6349.2
2877,1.0,605.98,700.0,700.0
2878,1.0,928.0,1076.48,1076.48
2879,1.0,286.34,332.16,332.16
2880,1.0,0.0,0.0,0.0
2881,1.0,86.21,100.0,100.0
2882,1.0,20.7,24.02,24.02
2883,1.0,6746.46,7826.0,7826.0
2884,1.0,0.0,0.0,0.0
2885,1.0,317.17,367.92,367.92
2886,1.0,108.0,108.0,108.0
2887,1.0,7500.0,8700.0,8700.0
2888,1.0,80.72,93.64,93.64
2889,1.0,950.0,950.0,950.0
2890,1.0,0.0,0.0,0.0
2891,1.0,0.0,0.0,487.1
2892,1.0,5595.0,6490.2,6490.2
2893,1.0,2398.0,2723.5,3027.0
2894,1.0,57.45,66.64,66.64
2895,1.0,0.0,0.0,0.0
2896,1.0,2661.66,3087.53,3087.53
2897,1.0,0.0,0.0,0.0
2898,1.0,193.12,224.02,224.02
2899,1.0,732.75,850.0,850.0
2900,1.0,910.35,1056.01,1056.01
2901,1.0,1600.0,1856.0,1856.0
2902,1.0,1747.4,2026.98,2026.98
2903,1.0,11764.07,12940.48,12940.48
2904,1.0,15285.1,16813.61,16813.61
2905,1.0,481.89,559.0,559.0
2906,1.0,179.28,207.96,207.96
2907,1.0,1603.91,1860.54,1860.54
2908,1.0,138.22,160.34,160.34
2909,1.0,263.22,305.34,305.34
2910,1.0,232.9,270.16,270.16
2911,1.0,20544.7,22599.17,22599.17
2912,1.0,1512.5,1754.5,1754.5
2913,1.0,120.0,139.2,139.2
2914,1.0,340.0,394.4,394.4
2915,1.0,430.0,498.8,498.8
2916,1.0,1600.0,1856.0,1856.0
2917,1.0,124.23,144.11,144.11
2918,1.0,0.0,0.0,99.9
2919,1.0,1067.0,1237.72,1237.72
2920,1.0,0.0,0.0,0.0
2921,1.0,21560.0,25009.6,25009.6
2922,1.0,2398.0,26693.32,26693.32
2923,1.0,6000.0,6960.0,6960.0
2924,1.0,1573.43,1825.18,1825.18
2925,1.0,168.19,195.1,195.1
2926,1.0,35.83,41.56,41.56
2927,1.0,2397.5,2781.1,2781.1
2928,1.0,2054.0,2382.64,2382.64
2929,1.0,17241.38,20000.0,20000.0
2930,1.0,2402.0,2786.32,2786.32
2931,1.0,0.0,0.0,255.0
2932,1.0,0.0,0.0,161.45
2933,1.0,0.0,0.0,464.9
2934,1.0,0.0,0.0,0.0
2935,1.0,0.0,0.0,0.0
2936,1.0,0.0,0.0,0.0
2937,1.0,0.0,0.0,0.0
2938,1.0,0.0,0.0,7979.3
2939,1.0,1431.46,1660.49,1660.49
2940,1.0,0.0,0.0,0.0
2941,1.0,1603.45,1860.0,1860.0
2942,1.0,9100.0,10556.0,10556.0
2943,1.0,8290.0,9616.4,9616.4
2944,1.0,0.0,0.0,0.0
2945,1.0,0.0,0.0,1238.35
2946,1.0,0.0,0.0,2155.25
2947,1.0,0.0,0.0,497.5
2948,1.0,0.0,0.0,817.9
2949,1.0,0.0,0.0,1035.5
2950,1.0,2000.0,2320.0,2320.0
2951,1.0,1700.0,1972.0,1972.0
2952,1.0,144.0,144.0,144.0
2953,1.0,14000.0,16240.0,16240.0
2954,1.0,0.0,0.0,0.0
2955,1.0,1007.0,1168.12,1168.12
2956,1.0,-500.0,-580.0,-580.0
2957,1.0,201.19,233.38,233.38
2958,1.0,20964.73,24319.09,24319.09
2959,1.0,0.0,0.0,0.0
2960,1.0,173.14,200.0,200.0
2961,1.0,9971.81,11567.3,11567.3
2962,1.0,50.0,58.0,58.0
2963,1.0,0.0,0.0,0.0
2964,1.0,173.06,200.02,200.02
2965,1.0,489.22,567.5,567.5
2966,1.0,389.55,451.88,451.88
2967,1.0,2400.0,2784.0,2784.0
2968,1.0,720.0,835.2,835.2
2969,1.0,114.89,130.13,130.13
2970,1.0,162.06,188.0,188.0
2971,1.0,11764.2,12940.62,12940.62
2972,1.0,5230.75,6067.67,6067.67
2973,1.0,0.0,0.0,6179.45
2974,1.0,2323.46,2695.21,2695.21
2975,1.0,503.49,503.49,503.49
2976,1.0,233.49,270.85,270.85
2977,1.0,15285.1,16813.61,16813.61
2978,1.0,18588.98,18588.98,18588.98
2979,1.0,0.0,0.0,0.0
2980,1.0,2100.0,2436.0,2436.0
2981,1.0,-179.27,-207.95,-207.95
2982,1.0,20.05,23.26,23.26
2983,1.0,1695.76,1967.08,1967.08
2984,1.0,323.84,375.65,375.65
2985,1.0,20897.45,22987.19,22987.19
2986,1.0,0.0,0.0,0.0
2987,1.0,0.0,0.0,0.0
2988,1.0,0.0,0.0,0.0
2989,1.0,0.0,0.0,0.0
2990,1.0,21398.16,21398.16,21398.16
2991,1.0,7500.0,8700.0,8700.0
2992,1.0,9300.0,10788.0,10788.0
2993,1.0,6600.0,7656.0,7656.0
2994,1.0,0.0,0.0,867.99
2995,1.0,0.0,0.0,1395.0
2996,1.0,411.0,476.76,476.76
2997,1.0,299.56,347.49,347.49
2998,1.0,2667.82,3094.67,3094.67
2999,1.0,116.21,134.8,134.8
3000,1.0,2702.5,3134.9,3134.9
3001,1.0,7557.61,8766.83,8766.82
3002,1.0,4464.54,5125.95,5125.95
3003,1.0,0.0,0.0,0.0
3004,1.0,0.0,0.0,0.0
3005,1.0,6120.0,7099.2,7099.2
3006,1.0,0.0,0.0,0.0
3007,1.0,0.0,0.0,0.0
3008,1.0,0.0,0.0,0.0
3009,1.0,2288.0,2654.08,2654.08
3010,1.0,10799.85,12527.82,12527.82
3011,1.0,1114.0,1114.0,1114.0
3012,1.0,344.83,400.0,400.0
3013,1.0,196.0,227.36,227.36
3014,1.0,46.32,53.74,53.74
3015,1.0,343.96,398.99,398.99
3016,1.0,0.0,0.0,0.0
3017,1.0,265.52,308.0,308.0
3018,1.0,1684.8,1954.37,1954.37
3019,1.0,0.0,0.0,0.0
3020,1.0,5920.5,6867.78,6867.78
3021,1.0,6660.0,6349.2,6349.2
3022,1.0,173.13,200.0,200.0
3023,1.0,72.0,72.0,72.0
3024,1.0,360.0,417.6,417.6
3025,1.0,60.0,69.6,69.6
3026,1.0,6000.0,6960.0,6960.0
3027,1.0,56.72,65.8,65.8
3028,1.0,1080.0,1252.8,1252.8
3029,1.0,145.98,169.34,169.34
3030,1.0,4670.43,4695.69,4695.69
3031,1.0,13970.2,16205.43,16205.43
3032,1.0,0.0,0.0,0.0
3033,1.0,0.0,0.0,0.0
3034,1.0,490.2,568.63,568.63
3035,1.0,0.0,0.0,0.0
3036,1.0,2475.92,2475.92,2475.92
3037,1.0,0.0,0.0,0.0
3038,1.0,254.0,294.64,294.64
3039,1.0,34.97,40.56,40.56
3040,1.0,2010.12,2331.74,2331.74
3041,1.0,0.0,0.0,0.0
3042,1.0,40.31,46.76,46.76
3043,1.0,195.0,226.2,226.2
3044,1.0,273.62,317.4,317.4
3045,1.0,880.0,1020.8,1020.8
3046,1.0,270.0,313.2,313.2
3047,1.0,1436.86,1666.75,1666.75
3048,1.0,114.89,130.13,130.13
3049,1.0,1955.0,2267.8,2267.8
3050,1.0,7138.88,8281.1,8281.1
3051,1.0,11764.07,12940.48,12940.48
3052,1.0,-153.19,-177.7,-177.7
3053,1.0,15285.1,16813.61,16813.61
3054,1.0,284.49,330.01,330.01
3055,1.0,1050.0,1218.0,1218.0
3056,1.0,112.54,130.0,130.0
3057,1.0,3362.5,3900.5,3900.5
3058,1.0,440.96,509.4,509.4
3059,1.0,3064.0,3554.24,3554.24
3060,1.0,346.27,400.0,400.0
3061,1.0,1813.6,2095.76,2095.76
3062,1.0,235.42,273.09,273.09
3063,1.0,150.86,175.0,175.0
3064,1.0,20431.05,22474.16,22474.16
3065,1.0,1800.0,2088.0,2088.0
3066,1.0,7800.0,9048.0,9048.0
3067,1.0,1340.0,1554.4,1554.4
3068,1.0,2398.0,2723.5,3027.0
3069,1.0,701.62,813.88,813.88
3070,1.0,0.0,0.0,0.0
3071,1.0,3080.0,3572.8,3572.8
3072,1.0,1903.5,2208.06,2208.06
3073,1.0,0.0,0.0,0.0
3074,1.0,132.89,154.15,154.15
3075,1.0,206.9,240.0,240.0
3076,1.0,100.0,116.0,116.0
3077,1.0,1120.0,1299.2,1299.2
3078,1.0,0.0,0.0,597.0
3079,1.0,0.0,0.0,243.0
3080,1.0,0.0,0.0,449.0
3081,1.0,2792.14,3238.9,3238.9
3082,1.0,5280.0,6124.8,6124.8
3083,1.0,446.58,518.03,518.03
3084,1.0,1091.0,1265.56,1265.56
3085,1.0,0.0,0.0,0.0
3086,1.0,15000.0,17400.0,17400.0
3087,1.0,1400.0,1624.0,1624.0
3088,1.0,2060.0,2389.6,2389.6
3089,1.0,0.0,0.0,0.0
3090,1.0,0.0,0.0,0.0
3091,1.0,0.0,0.0,0.0
3092,1.0,2398.0,2723.5,28600.0
3093,1.0,431.03,500.0,500.0
3094,1.0,256.6,297.66,297.66
3095,1.0,172.41,200.0,200.0
3096,1.0,0.0,0.0,0.0
3097,1.0,0.0,0.0,0.0
3098,1.0,15548.13,15548.13,15548.13
3099,1.0,5787.05,6712.98,6712.98
3100,1.0,0.0,0.0,0.0
3101,1.0,0.0,0.0,0.0
3102,1.0,5551.38,6439.6,6439.6
3103,1.0,5551.98,6440.3,6440.3
3104,1.0,23.62,27.4,27.4
3105,1.0,0.0,0.0,0.0
3106,1.0,0.0,0.0,1475.5
3107,1.0,148.0,148.0,148.0
3108,1.0,258.62,300.0,300.0
3109,1.0,41.85,48.55,48.55
3110,1.0,1661.0,1860.32,1860.32
3111,1.0,2800.0,3248.0,3248.0
3112,1.0,0.0,0.0,0.0
3113,1.0,490.0,568.4,568.4
3114,1.0,180.0,208.8,208.8
3115,1.0,808.0,937.28,937.28
3116,1.0,3434.0,3983.44,3983.44
3117,1.0,0.0,0.0,0.0
3118,1.0,22440.51,26030.99,26030.99
3119,1.0,343.97,399.0,399.0
3120,1.0,0.0,0.0,0.0
3121,1.0,0.0,0.0,0.0
3122,1.0,0.0,0.0,0.0
3123,1.0,0.0,0.0,0.0
3124,1.0,719.83,835.0,835.0
3125,1.0,2137.93,2480.0,2480.0
3126,1.0,555.0,643.8,643.8
3127,1.0,1700.0,1972.0,1972.0
3128,1.0,1275.0,1479.0,1479.0
3129,1.0,16170.0,18757.2,18757.2
3130,1.0,0.0,0.0,2175.0
3131,1.0,207.57,240.79,240.79
3132,1.0,1423.74,1566.12,1566.12
3133,1.0,7103.61,8240.19,8240.19
3134,1.0,0.0,0.0,0.0
3135,1.0,0.0,0.0,0.0
3136,1.0,500.0,580.0,580.0
3137,1.0,10339.57,11373.53,11373.53
3138,1.0,3709.4,4302.9,4302.9
3139,1.0,0.0,0.0,3567.0
3140,1.0,130.69,151.6,151.6
3141,1.0,14136.99,15550.69,15550.69
3142,1.0,2150.76,2494.89,2494.89
3143,1.0,2120.0,2459.2,2459.2
3144,1.0,-215.52,-250.0,-250.0
3145,1.0,300.44,348.51,348.51
3146,1.0,732.76,850.0,850.0
3147,1.0,17767.37,19544.11,19544.11
3148,1.0,560.34,650.0,650.0
3149,1.0,4624.0,5363.84,5363.84
3150,1.0,360.0,417.6,417.6
3151,1.0,0.0,0.0,802.3
3152,1.0,1198.72,1390.52,1390.52
3153,1.0,48.1,55.8,55.8
3154,1.0,2177.22,2525.58,2525.58
3155,1.0,473.28,549.01,549.01
3156,1.0,16454.4,16527.1,16527.1
3157,1.0,0.0,0.0,0.0
3158,1.0,0.0,0.0,0.0
3159,1.0,1805.44,2094.31,2094.31
3160,1.0,1677.0,1945.32,1945.32
3161,1.0,0.0,0.0,2405.73
3162,1.0,6660.0,6349.2,6349.2
3163,1.0,5000.0,4766.66,4766.66
3164,1.0,700.0,812.0,812.0
3165,1.0,172.41,200.0,200.0
3166,1.0,822.91,954.58,954.58
3167,1.0,87.94,102.01,102.01
3168,1.0,378.45,439.0,439.0
3169,1.0,1116.41,1228.06,1228.06
3170,1.0,4511.25,5233.05,5233.05
3171,1.0,0.0,0.0,0.0
3172,1.0,338.0,392.08,392.08
3173,1.0,0.0,0.0,264.0
3174,1.0,0.0,0.0,265.0
3175,1.0,0.0,0.0,0.0
3176,1.0,353.92,410.55,410.55
3177,1.0,21228.15,24624.65,24624.65
3178,1.0,0.0,0.0,1600.01
3179,1.0,0.0,0.0,1120.24
3180,1.0,7963.94,9238.17,9238.17
3181,1.0,111.0,111.0,111.0
3182,1.0,0.0,0.0,0.0
3183,1.0,0.0,0.0,0.0
3184,1.0,9400.0,10904.0,10904.0
3185,1.0,259.68,300.0,300.0
3186,1.0,121.63,141.09,141.09
3187,1.0,145.69,169.0,169.0
3188,1.0,2750.0,3190.0,3190.0
3189,1.0,1231.97,1429.09,1429.09
3190,1.0,2001.0,2321.16,2321.16
3191,1.0,378.0,438.48,438.48
3192,1.0,0.0,0.0,0.0
3193,1.0,1312.5,1312.5,1312.5
3194,1.0,42.82,49.67,49.67
3195,1.0,21350.0,24766.0,24766.0
3196,1.0,0.0,0.0,0.0
3197,1.0,0.0,0.0,0.0
3198,1.0,1964.28,2278.56,2278.56
3199,1.0,3075.0,3567.0,3567.0
3200,1.0,1207.46,1400.65,1400.65
3201,1.0,9483.68,10432.05,10432.05
3202,1.0,15285.1,16813.61,16813.61
3203,1.0,705.24,818.08,818.08
3204,1.0,73.93,85.76,85.76
3205,1.0,138.0,160.08,160.08
3206,1.0,0.0,0.0,0.0
3207,1.0,4650.0,5394.0,5394.0
3208,1.0,120.0,139.2,139.2
3209,1.0,3500.0,4060.0,4060.0
3210,1.0,4216.9,4875.58,4875.58
3211,1.0,661.63,767.49,767.49
3212,1.0,19755.25,21730.77,21730.77
3213,1.0,11560.31,13409.96,13409.96
3214,1.0,0.0,0.0,0.0
3215,1.0,3750.0,4350.0,4350.0
3216,1.0,1093.06,1267.95,1267.95
3217,1.0,180.0,208.8,208.8
3218,1.0,5500.0,6380.0,6380.0
3219,1.0,2100.0,2436.0,2436.0
3220,1.0,10.5,12.18,12.18
3221,1.0,0.0,0.0,0.0
3222,1.0,788.93,915.16,915.16
3223,1.0,0.0,0.0,328.0
3224,1.0,0.0,0.0,0.0
3225,1.0,0.0,0.0,0.0
3226,1.0,0.0,0.0,0.0
3227,1.0,0.0,0.0,649.0
3228,1.0,1525.0,1769.0,1769.0
3229,1.0,2398.0,2723.5,3027.0
3230,1.0,686.44,796.27,796.27
3231,1.0,0.0,0.0,1993.15
3232,1.0,1730.0,2006.8,2006.8
3233,1.0,2000.0,2320.0,2320.0
3234,1.0,0.0,0.0,0.0
3235,1.0,0.0,0.0,0.0
3236,1.0,0.0,0.0,0.0
3237,1.0,50.06,58.07,58.07
3238,1.0,290.0,336.4,336.4
3239,1.0,245.1,284.32,284.32
3240,1.0,1606.0,1862.96,1862.96
3241,1.0,3686.8,4276.69,4276.69
3242,1.0,0.0,0.0,483.36
3243,1.0,555.52,644.4,644.4
3244,1.0,0.0,0.0,0.0
3245,1.0,181.03,210.0,210.0
3246,1.0,4090.39,4696.37,4696.37
3247,1.0,2161.0,2506.76,2506.76
3248,1.0,230.17,267.0,267.0
3249,1.0,31.03,36.0,36.0
3250,1.0,2398.0,2723.5,28600.0
3251,1.0,354.56,411.29,411.29
3252,1.0,3400.0,3944.0,3944.0
3253,1.0,336.0,389.76,389.76
3254,1.0,6600.0,7656.0,7656.0
3255,1.0,114.89,130.13,130.13
3256,1.0,120.0,139.2,139.2
3257,1.0,8693.21,9562.53,9562.53
3258,1.0,2398.0,2723.5,3027.0
3259,1.0,7401.32,8585.53,8585.53
3260,1.0,186.7,216.57,216.57
3261,1.0,0.0,0.0,0.0
3262,1.0,1439.2,1669.47,1669.47
3263,1.0,2784.0,3229.44,3229.44
3264,1.0,900.0,1044.0,1044.0
3265,1.0,273.59,317.36,317.36
3266,1.0,1480.0,1716.8,1716.8
3267,1.0,36.56,42.41,42.41
3268,1.0,884.5,1026.02,1026.02
3269,1.0,2398.0,2723.5,3027.0
3270,1.0,7595.28,8810.53,8810.53
3271,1.0,1100.0,1276.0,1276.0
3272,1.0,0.0,0.0,0.0
3273,1.0,4554.0,5282.64,5282.64
3274,1.0,9390.26,10329.28,10329.28
3275,1.0,1950.0,2262.0,2262.0
3276,1.0,15285.1,16813.61,16813.61
3277,1.0,1037.0,1037.0,1037.0
3278,1.0,900.0,1044.0,1044.0
3279,1.0,0.0,0.0,0.0
3280,1.0,173.12,200.0,200.0
3281,1.0,1888.8,2191.02,2191.02
3282,1.0,0.0,0.0,0.0
3283,1.0,0.0,0.0,0.0
3284,1.0,239.89,278.28,278.28
3285,1.0,0.0,0.0,0.0
3286,1.0,0.0,0.0,0.0
3287,1.0,19395.38,21334.92,21334.92
3288,1.0,0.0,0.0,0.0
3289,1.0,-209.08,-229.99,-229.99
3290,1.0,0.0,0.0,0.0
3291,1.0,148.0,148.0,148.0
3292,1.0,185.76,215.48,215.48
3293,1.0,87.42,101.41,101.41
3294,1.0,6707.62,7780.84,7780.84
3295,1.0,8742.14,8742.14,8742.14
3296,1.0,0.0,0.0,0.0
3297,1.0,6660.0,6349.2,6349.2
3298,1.0,1965.6,2280.1,2280.1
3299,1.0,15000.0,17400.0,17400.0
3300,1.0,44.09,51.14,51.14
3301,1.0,2445.07,2836.28,2836.28
3302,1.0,1584.0,1837.44,1837.44
3303,1.0,343.96,398.99,398.99
3304,1.0,1919.5,2226.62,2226.62
3305,1.0,24.14,28.0,28.0
3306,1.0,9390.26,10329.28,10329.28
3307,1.0,15285.1,16813.61,16813.61
3308,1.0,850.0,986.0,986.0
3309,1.0,2398.0,2723.5,28600.0
3310,1.0,11.47,13.3,13.3
3311,1.0,19413.23,21354.56,21354.56
3312,1.0,397.7,461.33,461.33
3313,1.0,1080.81,1253.74,1253.74
3314,1.0,21.73,25.21,25.21
3315,1.0,0.0,0.0,0.0
3316,1.0,-18.1,-21.0,-21.0
3317,1.0,4080.48,4102.55,4102.55
3318,1.0,0.0,0.0,0.0
3319,1.0,1436.86,1666.75,1666.75
3320,1.0,0.0,0.0,0.0
3321,1.0,0.0,0.0,0.0
3322,1.0,0.0,0.0,0.0
3323,1.0,2322.17,2322.17,2322.17
3324,1.0,0.0,0.0,0.0
3325,1.0,2275.0,2639.0,2639.0
3326,1.0,0.0,0.0,0.0
3327,1.0,0.0,0.0,0.0
3328,1.0,1955.0,2267.8,2267.8
3329,1.0,8029.8,8832.78,8832.78
3330,1.0,15972.36,17569.6,17569.6
3331,1.0,2792.14,3238.9,3238.9
3332,1.0,16799.87,18479.86,18479.86
3333,1.0,703.54,816.11,816.11
3334,1.0,0.0,0.0,0.0
3335,1.0,2398.0,2723.5,3027.0
3336,1.0,799.65,927.6,927.6
3337,1.0,129.79,150.0,150.0
3338,1.0,2284.8,2650.37,2650.37
3339,1.0,163.79,190.0,190.0
3340,1.0,0.0,0.0,0.0
3341,1.0,14889.29,14889.29,14889.29
